No,Judul,Tema,Isi
1,Putri Pengumpat,Dongeng,"Di kerajaan simalungun, tinggallah seorang putri yang sangat cantik. sayangnya, dia suka berkata buruk. raja dan ratu sering menasehati sang putri, namun sang putri susah mengubah kebiasaannya.

“Hei kura-kura lamban sekali!”
Banyak yang tidak tahan dengan kelakuan sang putri.

Suatu hari, datanglah raja muda dari negeri seberang. dia telah mendengar tentang kecantikan sang putri. Pernikahan pun direncanakan akan berlangsung bulan depan. Semua sibuk mempersiapkan pesta besar. Putri pun ikut mempersiapkan diri. dia ingin semua sempurna.
“Bajuku harus bagus dan mewah!!!.”
Dia pun rajin merawat diri. setiap hari putri mandi di danau belakang istana.
“Aku harus wangi. tambahkan bunganya!!!”

Ketika sedang asyik mandi, tiba-tiba datang seekor burung melintas cepat dan mematuk hidung putri.
“Uh, coba aku adalah ular yang kulitnya tebal dan tak mudah terluka!”

Penyesalan tak berguna. semua persiapan untuk pernikahan pun sia-sia. putri telah menjadi ular, lalu dia hidup di kebun belakang istana."
2,Pentingnya Menggosok Gigi,Dongeng,"Kurasa, hari Minggu ini mentari terbit dengan sangat cepat. Mungkin karena semalaman Aku bergadang, jadi hari ini Aku bangun agak kesiangan. Aku memang sangat suka bergadang malam hingga menjadi suatu kebiasaan. Karena kebiasaanku itulah, Aku hanya mempunyai waktu istirahat yang sedikit. Tapi, karena hari ini adalah hari Minggu, Aku tetap bisa meneruskan tidurku. Meskipun Aku tahu, Nenek pasti tidak akan menyukainya.

“Andi, ayo bangun. Sekarang sudah pukul enam” Teriak Nenek membangunkanku.
“Lima menit lagi Nek. Andi masih ngantuk” Kucoba mengulur-ngulur waktu.
“Andi, hari Minggu seperti ini kamu seharusnya membantu Nenek dan Kakek. Bukannya malah tidur seperti ini” Kata Nenek memarahiku.

Dengan mata yang masih berat untuk terbuka, kulangkahkan kaki ini untuk memgambil handuk, dan bergegas mandi. Setelah mandi, Aku pun segera merapikan diri, menyisir rambut dan sarapan. Setelah perutku kenyang dan energi telah cukup terkumpul, Aku pun keluar rumah untuk menyapu halaman. Dengan berbekal sebuah sapu, Aku pun menyapu daun-daun yang berjatuhan di halaman rumahku dengan penuh semangat.

Memang kegiatanku di hari Minggu hanyalah membantu Nenek menyapu halaman. Tidak ada yang lain. Namun, ada yang lain dengan hari ini. Ya. Hari Minggu kali ini Aku akan melakukan kerja kelompok di rumah salah satu temanku.

“Nek, nanti siang Aku akan kerja kelompok di rumah temanku Nila” Kataku kepada Nenek.
“Iya. Tapi nanti sebelum kerja kelompok, kamu mandi dulu ya Andi” Kata Nenek mengingatkan.
“Bukankah Aku baru saja mandi pagi tadi Nek…” Kataku sedikit bandel.
“Iya. Nenek hanya mau pada saat kamu kerja kelampok nanti, tubuhmu berbau harum. Apalagi kamu mau ke rumah cewek” Kata Nenek meledekku.

Maka, setelah sholat Dhuhur, Aku pun segera melaksanakan apa yang diperintahkan Nenek. Bukannya Aku malas mandi, tapi Aku hanya takut dengan dinginnya air mandi. Karena apa? Karena aku pernah terkena demam hanya karena Aku mandi di sore hari yang dingin. Hal tersebut membuatku trauma hingga saat ini. Namun, Aku tetap membulatkan tekad untuk mandi.

Dan, disaat Aku akan berangkat kerja kelompok, tiba-tiba Nenek memanggilku.
“Andi, apa kamu sudah menggosok gigi?” Tanya Nenek.
“Belum Nek. Aku tadi terburu-terburu” Kucoba mencari alasan.
“Sudahlah. Sekarang kamu gosok gigi dulu. Kalau nanti gigimu sakit bagaimana?” Kata Nenek menasihatiku.
Memang begitulah aku. Meski Aku sering dinasihati Nenek, tapi Aku tetap menyepelekan tentang hal yang satu ini. Dan, apa yang dikhawatirkan Nenek, benar-benar menjadi kenyataan.

Keesokan harinya, disaat Aku pulang dari sekolah, tiba-tiba saja gigiku terasa sangat sakit sekali. Saking sakitnya, Aku hanya bisa berbaring di ranjang kamar tidur sambil mengerang kesakitan.
“Aduh Nek… kenapa tiba-tiba gigiku terasa sakit seperti ini?” Aduku kepada Nenek.
“Tenang ya Andi. Nenek akan membawamu ke dokter” Kata Nenek menenangkan.
“Cepat Nek… Andi sudah tidak tahan” Kataku sambil meringis.

Maka, segeralah Aku dibawa oleh Nenek ke klinik terdekat. Setelah Aku diperiksa oleh dokter, diberinya Aku olehnya sebuah obat untuk meredam rasa sakitku. Disaat itulah, Aku baru menyadari tentang betapa pentingnya menggosok gigi."
3,Dompet dari Shafa,Dongeng,"Aku berjalan, lelah sekali. ku duduk di bawah pohon mangga, daun-daun
 berhamburan, tertiup angin, musim gugur telah tiba. Aku bangkit lagi, 
berjalan sambil bersenandung ria, aku akan berangkat ke sekolah, 
melewati berbagai rintangan.
Rintangan pertama, Jembatan Jatuh. Warga sekitar selalu mengingatkan 
agar hati-hati karena Jembatan itu sudah lama dan hampir jatuh, 
perlahan-lahan tapi pasti. sudah berada di ujung, dan melompat! Aku 
telah sampai dan menanti rintangan selanjutnya.
Rintangan selanjutnya, sungai. Sungai panjang, lebar tapi bersih. 
srek srek mengambil sepatu boot, dan pakaian ganti, pluk pluk srash! 
pluk! pluk! byur byar, kecipak! meloncat-loncat, berenang sampai ke 
tepian, berlari-larian, air kemana-mana, mengambil handuk, mengeringkan 
badan yang basah, mengganti dengan pakaian sekolah yang layak, 
selesailah rintangan ke dua, berjalan 100 meter, dan sampai di sekolah, 
tepat lima belas menit sebelum bel berbunyi, begitulah keseharianku.


“Baik, anak-anak! pelajaran selesai! tidak ada PR! Silahkan pulang!” 
menutup pelajaran, pulang melewati rintangan yang sama. Lalu ku pergi ke
 rumah Shafa, dia mengadakan pesta kue di rumahnya, “Chinny! Akhirnya 
kau datang, rumah kita berbeda kompleks, sih!” Shafa lumayan kaya, tidak
 sepertiku yang miskin ini.
“Jadi, mau kue yang mana?” tanya Shafa, “Yang Coklat, dan yang ada krimnya.” jawabku, “OK! Sebentar,” Shafa berlari. 
“Ini Strawberry Shortcake, aku beliin buat kamu, dan dompet ini, jaga
 baik-baik ya…” setelah permit aku pulang, berjalan di hari yang panas 
ini. Terima kasih Shafa!"
4,Rita dan Lila,Dongeng,"Suatu hari hiduplah dua orang sahabat. dua orang sahabat itu bernama 
Rita dan Lila. suatu hari Rita dan Lila tiba tiba bertengkar.
“Lila gantian dong mainnya” pinta Rita.

“gak mau” sahut Lila kemudian.

“tapi kan kata kak Rani mainnya gantian” ujar Rita bersikeras.

“udah aku bilang gak mau ya gak mau” bentak Lila.
Setelah rebut rebutan boneka, akhirnya Lila lah yang mendapatkan 
boneka itu. akan tetapi di sisi lain Rita menangis dengan keras. tiba 
tiba kak Rani kakak Rita muncul.


“ini ada apa?” tanya kak Rani heran.

“hiks.. hiks itu kak Lila gak mau gantian main bonekanya” jawab Rita sesegukan.

“Lila kamu gak boleh egois begitu” ujar kak Rani kemudian.

“tapi kak” bantah Lila.

“iya Lila kamu gak boleh egois.. kalau kamu egois nanti kamu gak punya teman lagi lo” ujar kak Lica kakak Lila.

“iya kak Lila minta maaf” ujar Lila.
Akhirnya Lila meminta maaf pada Rita dan mereka pun bersahabat dan bermain gembira kembali."
5,Seorang Anak dan Seekor Kucing,Dongeng,"Pada suatu hari ada seorang anak kecil yang bernama Sinta. Ia adalah anak yang sangat pandai di kelasnya.
Pada suatu hari di jalan saat ia pulang sekolah ia menemukan seekor 
anak kucing yang sangat lucu “Ya ampun lucunya kucing siapa ini ya?” 
tanya Sinta, “hmmm… gimana kalau aku bawa pulang aja ya?”. Sinta 
akhirnya membawa anak kucing itu, Sinta bilang sama mamanya kalo ia mau 
memelihara kucing itu. Akhirnya mamanya setuju untuk Sinta memelihara 
anak kucing tersebut, Sinta sangat senang lalu ia menamakannya Mia.
Seminggu kemudian…

“Mia!! kamu dimana?” teriak Sinta, “Mia…!!”, “hah!!?? Mia ternyata kamu 
bukan kucing?” Sinta kaget ternyata Mia bisa bicara dan ia mempunyai 
handphone hologram yang dapat berkomunikasi dengan kucing sepertinya. 
“Oh… Sinta maaf memang aku bukan kucing biasa aku berasal dari negara 
Miawcat dan nama asliku adalah Mikku Catyona aku dikirim disini untuk 
mencari seseorang yang peduli dengan kucing dan ternyata itu adalah 
kamu, pas aku dikirim ke bumi aku menjadi anak kucing, entah kenapa 
begitu padahal kalau di planetku aku suadah remaja. Oke Sinta pada 
intinya saja aku akan pulang ke rumahku untuk pemberitauhan selanjutnya 
apakah kamu mau diberi sesuatu atau tidak, jadi aku mau mengucapkan 
selamat tinggal” kata Mia yang alias Mikku, “Mia eh maksufku Mikku 
jangan pergi!!” ‘Wuuussshhh’ Mikku langsung menghilang dalam sekejap, 
“Miaaaaa…!!!” kata Sinta sambil menangis karena tidak mau kehilangan 
kucingnya itu.


Aku hanya ingin berpesan agar cintailah hewan seperti mencintai benda kesayangan karena hewan juga makhluk hidup."
6,Mata Delia,Dongeng,"Aku ditindas, nilaiku jelek, miskin, wajahku pun apa daya, akan 
kuubah masa depanku! Menjadi seperti matahari yang terang menyinari 
dunia! The adventure begin.
Akan kumulai dari PRESTASI dari 100 besar, aku rank 100, yup! Last. 
Aku telah belajar satu setengah tahun penuh! Sehari tidur tiga jam 
setengah, hasil penjualanku untuk makan di Warung sisanya ditabung untuk
 kuliah. Sekarang, aku murid terpintar. Aku tidak sombong, tapi 
sekarang… semua berteman denganku dengan SATU alasan, ingin menyontek. 
Semua yang kulakukan salah… atau kuakhiri saja hidupku?
Hanya SATU teman yang berteman denganku bukan karena alasan lain, 
namanya Delia. Delia buta, ia tuna netra, sedih rasanya, setelah 
menunggu dua tahun lamanya, dokter memperbolehkan aku mendonorkan mataku
 kepada Delia, untuk membalas segala kebaikan yang ia berikan, sayangnya
 aku butuh dana lebih, akhirnya kakekku datang, memberi sumbangan. Lalu 
aku mendonorkan mataku.


Delia bisa melihat! Begitu bahagia, walau sekarang aku buta. Delia 
berkata “Muna! Aku bisa melihat! Warna-warni begitu cantik!” Aku 
menangis bahagia, kucoba memakai tongkat Delia, aku pamit, saat aku 
pulang aku tertabrak truk sampah.

Setidaknya, sebelum ku meninggal, ada kebaikan yang kulakukan.
Cerpen Karangan: Merywither

Saya suka menulis!! dan gambar."
7,Toilet Pohon Gugur,Dongeng,"Aku, yang kini duduk di bangku kelas 6 begitu gemetar, ketakutan, apa yang mungkin terjadi?
Oh, ya. Namaku Merywither, saat aku kelas satu sampai kelas lima, aku
 selalu ditindas. Kini aku telah pindah rumah, juga pindah sekolah. Tapi
 di sekolahku yang sekarang sering terdengar isu-isu yang mengatakan 
bahwa sekolah ini berhantu, aku tak percaya hantu, tapi aku yakin, 
kebaikan yamg kuperbuat selama ini akan melindungiku dari segala 
ancaman.
Tak kusangka, hanya 23 anak yang bersekolah disini, selain agak jauh dari pusat kota, juga, dibilang menyeramkan.


“Hai, Merywither! Tumben melamun..” ucap Layla, “Hai juga, Layla! 
Hehehe.. temani aku ke toilet yuk!” Pintaku, “Takut, ya? Gara-gara Fany,
 sih.. katanya dia liat arwah wanita berdarah hitam, serem juga sih..” 
lama-kelamaan Layla ikut takut, “Sudahlah, yuk!”
Ku berjalan dengan Layla, menuju satu-satunya toilet perempuan di 
ujung sekolah yang sepi, hanya ada pohon yang telah kering, disebut 
Pohon Gugur, aku tidak tahu mengapa dinamakan seperti itu, aku tidak 
mempermasalahkannya.
“Cepat, Mer!!” Layla takut, “udah, kok! Daritadi aku di sampingmu,” 
“Tadi… pintunya kok, kekunci?” Ceklek ceklek, “Aduh.. kabur ajaa!” Layla
 berlari, mau-gak mau, aku harus ikut lari, “Tunggu Laylaa!!!”

“Hihihihi..”"
8,Akibat Nakal,Dongeng,"Namanya Caca Arsiatta Van Delia. Dia keturunan belanda. Rambutnya 
pirang. Kalian bisa manggil dia Arca. Meskipun dia cantik tapi ada 
kelemahannya lho. Yaitu gak bisa nurut. Nih ada ceritanya akibat nakal.
“Hoammm,” Arca menggeliat santai. “Maaa bikinin aku sarapan sama susu yaa, yang enak!” Pinta Arca manja.

“Iyaa iyaa,” jawab mamanya Arca lembut tapi keras.
Setelah 5 menit dibuat barulah si Arca ini bangun.

“Arca pelan pelan makannya!” Kata mama.

“Ish mama emang gak boleh!” Bantah Arca.

Mamanya hanya bisa menggeleng gelengkan kepala.


“Uhuk uhuk,” ternyata si Arca tersedak.

“Makanya mama bilang apa kan gak nurut sih”.

“Iya iya sorry”.
Selesai makan bukannya dirapihkan malah lari larian.

“awas ya nanti susumu tumpah!” Kata mama.

“Nggak bakal!” Bantah lagi Arca.
Karena nggak nurut ini deh kena karmanya kan susunya tumpah. “Eshhh ya ampun susuku tumpah,” kesal Arca.

“Tuh kan apa mama bilang beresin cepetan!” Teriak mama. Akibatnya nih kalau gak nurut sama orangtua karma deh. Arca… Arca."
9,Wildan & Alana,Cinta,"Sudah tiga minggu ini aku melihatnya. Seorang gadis dengan wajah 
cantik namun selalu tampak murung. Sebelum bel berbunyi dia selalu duduk
 menyendiri di taman belakang sekolah yang selalu sepi.
Namanya Alana, dia selalu sendiri seperti seorang yang tidak 
mempunyai teman. Saat aku melihatnya berada di perpustakaan saat jam 
istirahat di sekolah, yang dia lakukan hanya menatap kosong kedepan dan 
mengabaikan buku bacaan yang dibiarkan terbuka begitu saja.
Dia terlihat seperti merindukan seseorang. Tapi aku tidak tahu siapa 
yang dia rindukan. Wajahnya yang selalu murung membuat aku ragu untuk 
sekedar berkenalan dengannya.


Ah, Namaku Wildan. Aku sekolah di SMA Budi Luhur dan memilih jurusan 
IPA karena orangtuaku menginginkan aku meneruskan kuliah di bidang 
kedokteran. Ini adalah tahun terakhirku sebagai murid SMA.
Saat ini aku sedang berada di laboratorium untuk melakukan pembedahan
 pada katak. Dengan teliti aku melakukan pembedahan itu sampai tidak 
sengaja mataku menangkap Alana dari balik jendela ruang laboratorium. 
Dia sedang berjalan lunglai yang aku tidak tahu kemana tujuan kakinya 
melangkah.
Aku tidak mengerti apa yang membuat aku tertarik kepada Alana. 
Wajahnya memang cantik meski nampak pucat dan tanpa polesan bedak. Tapi 
aku bukan hanya tertarik pada wajah cantiknya. Maksudku, melihat gadis 
cantik sudah sangat biasa bagiku di sekolah ini. Yang membuat aku 
tertarik adalah… Dirinya. Dirinya yang selalu menyendiri, dirinya yang 
selalu bersikap anti sosial kepada sekitar juga tatapan sendunya setiap 
kali aku melihatnya.
Tadi, saat istirahat kedua aku tidak sengaja mendengar obrolan dua 
orang perempuan sedang membicarakan Alana. Dan aku cukup kaget untuk 
mendengar semua fakta yang aku dengar dari perempuan tersebut.
Dia dulu adalah seorang gadis ceria yang cukup terkenal di sekolah 
lamanya. Kudengar saat pembagian rapor di sekolahnya ia meminta ibunya 
untuk mengambil rapor miliknya. Mereka memutuskan untuk tidak datang 
bersama karena Alana sudah dijemput oleh sahabatnya. Alana sampai 
terlebih dahulu dan menunggu ibunya dengan tidak sabar di depan gerbang 
sekolah. Lalu sebuah panggilan datang dari ponselnya dan semuanya 
berubah. Alana berlari secepat kilat untuk mencegat kendaraan umum untuk
 membawanya menuju Rumah sakit. Ibunya mengalami kecelakaan lalu lintas 
dan dikabarkan meninggal di tempat saat melakukan perjalanan ke sekolah 
Alana.
Ya, karena mendengar obrolan itu, aku sekarang mengerti. Aku mengerti
 mengapa Alana selalu murung ketika di sekolah. Karena perjalanan ke 
sekolah yang membuat nyawa ibunya melayang. Mungkin juga karena rasa 
bersalah yang teramat besar karena tidak mendengar nasehat Ayahnya untuk
 berangkat bersama ibunya. Kurasa, aku mulai mengerti. Karena itu, aku 
ingin melakukan sesuatu.
Pagi ini, aku mencoba memberanikan diri melakukan itu. Kulangkahkan 
kakiku menuju taman belakang sekolah untuk menghampiri Alana bersama 
dengan kotak makan dengan beberapa roti isi di dalamnya.


Aku berdeham pelan ketika sudah berada di depannya. Dia tidak menghiraukan dehamanku. Atau mingkin dia memang tidak mendengar?
“Alana?” Ucapku ragu.

Alana terlihat kaget ketika melihatku.

“Ya?” Tanyanya pelan, sangat pelan. Mungkin aku tidak bisa mendengarnya jika tidak memperhatikan gerak bibirnya.
Aku tersenyum kecil ketika dia menatapku dengan Risih. Dan ketika dia
 berdiri untuk pergi aku mengangkat tanganku untuk menahannya. Dia 
terlihat bingung namun melihatku yang masih tersenyum akhirnya dia 
kembali duduk.
Aku menyerahkan kotak makanku ke pangkuannya. Lagi-lagi, dia menatapku bingung.

“Ini apa?” Tanyanya.

Aku tersenyum kecil. “Itu ada beberapa roti isi di dalamnya. Aku tahu 
kamu belum sarapan karena kamu sudah ada di sini pagi-pagi sekali.”

Dia mengerutkan kening tapi kemudian tersenyum kecil.

Ah, itu adalah kali pertama aku melihatnya tersenyum. Meskipun sangat 
singkat tapi aku sudah merasa senang. Dan jujur, aku ingin melihatnya 
tersenyum lagi.
“Ayo makan.” Aku menunjuk kotak makan tersebut.

“Terimakasih.” Ucapnya pelan.

Dia mengambil satu roti isi dan memakannya dengan perlahan.
“Enak?” Tanyaku.

Dia terdiam sesaat lalu tersenyum lagi. Senyum yang kaku.

“Iya. Enak.”
“Nama kamu siapa?” Tanyanya ketika roti isi yang dia makan tersisa setengah.

Aku tertegun tapi aku langsung menjawab ketika melihat dia sedang menunggu jawaban dariku.

“Wildan.” Jawabku.

“Kenapa kamu kasih ini buat aku? Kita kan nggak saling kenal.”

“Karena-” Aku ragu untuk melanjutkan kalimatku, lalu setelah beberapa 
saat aku memejamkan mata, aku menatap lekat matanya. “Karena aku ingin 
jadi teman kamu. Aku ingin kamu semangat lagi. Aku ingin kamu sadar 
bahwa sudah seharusnya kamu melanjutkan hidup kamu dengan lebih baik 
lagi.”
Dia menatapku dengan ketergunannya. Seolah tidak menyangka dengan apa
 yang aku utarakan. Ah, tiba-tiba saja aku menyesali perbuatanku. Aku 
baru saja berkenalan dengannya, tapi aku bersikap seolah sudah lama 
mengenalnya karena aku telah menyinggung masalah hidupnya.
Dia mengalihkan pandangannya dariku. Secara tiba-tiba dia berdiri, 
dan aku bisa melihat ada cairan yang menggenang di pelupuk matanya. Dan 
itu membuatku takut. Sangat takut.

“Kamu-” Suaranya bergetar seiring dengan air mata yang lolos dan meluncur di pipi mulusnya.

“Kamu ngga tahu apa-apa tentang hidup aku. Kamu bukan siapa-siapa! 
Jangan pernah kamu temui aku lagi.” Ucapnya mencoba untuk tegar.

Lantas setelah mengatakan itu, dia bergegas pergi dan menjauh. Apa 
perkataanku salah? Apa aku salah jika ingin berteman dengannya.

Tapi dia memang benar. Ini salahku karena telah mencampuri urusannya. 
Tapi aku hanya ingin berteman dengannya. Setidaknya agar dia tidak 
merasa sendirian.
Besoknya aku kembali bersekolah seperti biasa. Banyaknya tugas yang 
diberikan oleh guruku membuat fokusku sedikit teralihkan dari Alana. Ya,
 sejak kejadian itu, setiap kali aku melihatnya atau bahkan berpapasan 
dengannya ia selalu menunduk seolah tidak ingin melihatku lagi.
Alana sepertinya tidak ingin lagi mengenalku. Bahkan kemarin, Roti 
isi yang aku berikan kepadanya teronggok begitu saja di kursi taman. Dan
 kini, yang bisa aku lakukan hanyalah melihat dia dari kejauhan. 
Setidaknya melihat dia baik-baik saja sudah cukup bagiku.
Saat bel pulang menjerit nyaring, aku tidak langsung pulang ke rumah 
seperti biasanya. Kulangkahkan kakiku ke taman belakang sekolah dimana 
pertama kali aku melihat Alana.
Ah, lagi-lagi Alana.
Seperi biasa, taman itu sepi. Dan satu-satunya orang yang betah 
berlama-lama disini mungkin sudah kembali ke rumahnya. Aku duduk di 
kursi taman itu dengan tatapan lurus kedepan. Menatap bunga-bunga layu 
yang mungkin sudah tidak terawat.

Aku menarik napas panjang dan menghembuskannya perlahan. Aku bahkan 
tidak sadar bahwa aku sedang berharap Alana datang ke tempat ini dan mau
 berbicara lagi kepadaku meski hanya beberapa kata.
“Wildan.” Sebuah suara membuatku membeku. Suara yang aku kenal namun 
juga terasa asing disaat yang bersamaan. Aku pasti sedang berkhayal kan?
 Ya aku pasti sedang berkhayal.
Aku mencoba memberanikan diri untuk menoleh ke belakang dan memang 
benar, dia ada di sini. Tepat di hadapanku dengan senyum yang melengkung
 sempurna.

Aku terlalu terkejut sehingga yang aku lakukan hanya menatapnya tanpa 
berkedip. Tapi Alana masih setia menatapku. Dia melangkah maju dan duduk
 disampingku.
“Aku minta maaf, kemarin aku cuma kaget karena tiba-tiba kamu ngomong gitu.”

Aku tersenyum dan mengangguk. “Ngga apa-apa. Bisa lihat kamu senyum lagi itu udah lebih dari cukup.”

“Kamu benar, sudah seharusnya aku melanjutkan hidup dengan hal-hal yang 
membuat kesedihanku surut. Tapi aku ngga tahu dari mana aku memulai itu 
semua.” Alana menatapku sendu. Sepertinya dia memang masih terpukul 
dengan kepergian ibunya.
“Alana, kalau kamu mengizinkan, aku bisa bantu kamu.” Ucapku ragu. Aku takut jika dia akan marah lagi kepadaku.
Seperkian detik yang Alana lakukan hanyalah diam. Aku yakin dia pasti keberatan dengan usulku tadi.

Tapi detik selanjutnya Alana mengangguk pelan. “Aku mau. Wildan terimakasih karena kamu mau berteman denganku.”
Aku tertegun.
Itu berarti Alana bersedia menjadi temanku. Ya, aku akan membantu Alana lepas dari kesedihannya dari awal. Aku berjanji Alana."
10,Januari Kesayangan,Cinta,"Semuanya berawal di bulan januari dan berakhir tepat disaat bulan maret akan pergi. Masih ingatkah dia kepadaku? Seseorang yang pernah dia sebut first love dan kesayangan. Dan ku tahu, ku hanya Kesayangannya yang bersifat sementara. Entah dimana kesayangan itu sekarang? Terlupakankah? ataukah telah ia temui kesayangannya yang lain.

Dulu dia selalu mengirimiku pesan singkat disaat pagi-pagi buta, hanya bertuliskan “selamat pagi kesayangan”, dan malam hari disaat aku hendak tidur dia mengucapkan “selamat malam kesayangan”, dan dulu disaat hujan turun dengan lebatnya dia datang kekelasku bersama temannya, hanya untuk menemuiku membicarakan sesuatu yang kurasa kurang penting dan mungkin itu hanya alasannya untuk menemuiku, iya kutahu saat mungkin dia sangat merindukanku jadi dia mencari alasan untuk menemuiku, terkadang disaat jam pulang sekolahku dengannya kebetulan sama dia selalu menungguku di depan kelasku, hanya untuk menemuiku dan mengajakku pulang bersamanya, padahal rumahku dan rumahnya tak searah, dan dia yang rela menungguku berjam-jam disaat aku ada agenda untuk rapat bersama pengurus osis, hanya untuk mengantarku pulang. Masih ingatkah dia dengan semua itu? Sudahlah mungkin dia telah melupakan semuanya.

Oh iya, perkenalkan namaku ria, Aku merupakan salah satu siswi kelas 11 ipa 3 di SMA ternama di sekolahku, jabatanku disini sebagai pengurus osis, tahun lalu aku mendapat jabatan sebagai seksi bidang organisasi politik dan kepemimpinan. Sama halnya dengan dia, dulu waktu dia masih kelas 10, dia merupakan pengurus osis dan jabatannya sama sepertiku, dia juga sekbid organisasi politik dan kepemimpinan. Tapi setelah dia kelas 11 dia tak lagi menjabat sebagai pengurus osis, dikarenakan orangtua melarang.

Dia kakak kelasku, dia merupakan cowok berkacamata. Si kakak kelas ipa 5. Dia sangat baik hati, dan murah senyum. Kuakui aku menyukainya, karena dia lebih dulu menyukaiku. Ku mengenalnya diawal bulan januari 2017, dia kirimkan pesan singkat kepadaku yang bertuliskan
“hai, selamat sore”,
lalu kubalas “sore, maaf siapa”.
Lalu dia memperkenalkan dirinya, ternyata dia kakak kelasku 11 ipa 5.

Singkat kata singkat cerita, dia mengajakku bertemu di salah satu tempat, setelah aku selesai rapat osis sepulang sekolah. Dan setelah pulang rapat osis aku menemuinya, singkat cerita aku dan dia jadian, ciyeee. Dan disaat itu juga dia memberiku sebuah kotak yang tingginya kira-kira setengah meter, dibungkus kertas yang warnanya adalah warna kesukaanku, lalu dia mengantarku pulang, Padahal hari itu dia sedang berulang tahun dan dia malah memberi sesuatu kepadaku. Sesampainya di rumah kubuka kotak pemberiannya dan aku sangat suka sesuatu itu. dan sampai sekarang aku masih menyukainya dan selalu aku letakkan di sudut tempat tidurku.

Dan waktu berjalan 2 minggu, hari itu hari ulang tahunku yang ke 16 tahun, dia tidak mengucapkan selamat ulang tahun kepadaku, dan akupun mulai murung seharian penuh, dan mulai berpikir macam-macam, dan mengira dia lupa ulang tahunku, kutahan emosiku karena aku tak ingin hubuganku rusak hanya gara-gara dia lupa hari uang tahunku. Hingga beberapa minggupun mulai terlewatkan. waktu itu hari sabtu, aku pulang bersamanya ketika sampai di depan rumah dan aku hendak turun dia menahanku untuk tidak pergi begitu saja, dia menahanku, dia memberikan kantong plastik yang didalamnya berisi sebuah kotak dan kartu ucapan, ku tersenyum melihatnya, kuakui aku sangat senang. Dan dia berkata “maaf ya dek sa, aku baru ngasih ini ke kamu, padahal ultahmu sudah lewat beberapa minggu yang lalu, pesen coklatnya butuh waktu 2 minggu dek, oh iya kadonya nyusul ya”, “terimakasih, sudahlah mas gapapa, aku fikir mas lupa ultahku, aku seneng kok” jawabku sambil tersenyum kepadanya.

Dia memberiku sebuah kotak yang berisi coklat yang bertuliskan “HBD fitriya I love you”, berwarna putih kombinnasi warna merah muda, sangat cantik. Lalu tak lama kemudian dia pamit hendak pulang, dan tak lupa kuucapkan terimaksih dan hati-hati. Kulihat dia mulai mengendarai motornya dan mulai menjauh dan menghilang dari pengeliahatanku. Aku memasuki rumah dengan hati yang sangat senang, beberapa hari kemudian dia memberikan sesuatu yang terbungkus plastik berwarna kuning yang di dalamnya terdapat sepasang mukena berwarna kesukaanku, dan sampai sekarang aku masih sangat suka memakai kain tersebut untuk ibadahku.

Singkat cerita, hubungan kita berjalan 1 bulan lebih, suasana tetap hangat dan semakin hari dia semakin menyenangkan, aku berhasil menjadi prioritasnya, dan sesibuk apapun dia selalu mengabariku, dan beberapa hari sekali dia meneleponku, dan sering menemuiku disaat jam istirahat. Teman-temanku sampai merasa iri kepadaku dan banyak yang bilang bahwa aku dan dia banyak kesamaan, mulai dari wajah, bulan lahir, tahun lahir, jabatan di osis, dan lain-lain.

Tetapi semuanya tak berlangsung lama, itu semua hanya diawal, waktu tak banyak memberikan kesempatan untuk kami bersama, hubunganku mulai renggang, malam-malam mulai rutin dengan kesendirian, komunikasi kami tidak terjalin dengan baik lagi. Dan hingga akhirnya waktupun jarang mempertemukan kami, dia tak lagi datang ke kelasku untuk mengajakku pulang bersama ataupun menemuiku untuk sebatas membicarakan sesuatu. Pernah beberapa kali aku bertemu dengannya, dia hanya sekilas melihat kearahku, tanpa senyum juga tanpa sapa! Ada apa dengannya?

Hubunganku dengannya kembali membaik hanya untuk beberapa hari, komunikasi kembali terjalin, percakapan kami sangat-sangat dingin, dan hanya terlontarkan lewat pesan singkat. Dan akupun mulai pasrah terhadap waktu, aku tak lagi memikirkan perubahan sikapnya yang mulai dingin kepadaku, ku mulai pasrah pada waktu. Entah semakin lama akan membaik, atau semakin memburuk, ku pasrah.

Hingga suatu hari ku bertemu degannya di lobby sekolah, dia bersama teman-temannya hendak menuju tempat parkir, dia berada tepat di depanku, tetapi kuacuhkan keberadaannya, aku mulai muak dengan sikapnya, setelah dia berlalu, kumulai berpikir untuk mengakhiri hubungan ini, tapi sebelumnya aku ingin bertanya kepadanya mengapa sikapnya sangat dingin kepadaku, lalu ku berlari menuju tempat parkir, dan kudapati dia sudah memakai helm dan hendak keluar dari gerbang sekolah. Kupanggil dia, tapi dia tak mendengarkanku, ku terus berusaha memanggilnya tapi tiada respon darinya. Dan perlahan dia mulai mengendarai motornya dan pergi meninggalkanku. Ku tak tau apakah dia mengetahui keberadaanku di tempat parkir itu ataukah tidak, dan yang pasti dia sudah pergi.

Lalu aku pergi menuju kelasku dan mengambil ponselku dan mengetik nomornya lalu meneleponnya, tetapi tak ada respon, kulakukan berulang-ulang sampai 15 kali, lalu yang ke 16 kalinya ia respon teleponku dan kita berbicara sangat singkat.
“halo, assalamualaikum”,
“waalaikum salam, ada apa?”
“nggak ada apa-apa”,
“oh”,
dan dia langsung menutup teleponku. Lalu kukirimkan pesan singkat

“kenapa dimatikan teleponnya”
“memang ada apa” responnya singkat.
“aku pengen ngomong”, jawabku.

Lalu kutunggu respon darinya sekitar 15 menit lalu dia membalas pesanku “aku mau hubungan kita sebagai pacar cukup sampai disini dan untuk seterusnya kita berteman saja”, jawabnya. Aku terdiam kubaca balasannya berulang-ulang, benarkah ini? Lalu 3 jam kemudian kubalas “iya gaapapa, tapi kuharap ini yang terbaik dan aku minta tolong, awal kita kenal baik, dan berakhirnya juga harus baik, jangan lupa menyapa kalau bertemu denganku”, responku. “y” responnya. Sangat dingin..!!!

5 bulan berlalu dan aku berhasil melupakan segalanya, hubungan kami kembali membaik tetapi hanya untuk sebatas kakak dan adik kelas. Terkadang dia menyapaku dengan sapaan yang sama dengan kata “dek fit”, dan terkadang aku berharap dia kembali kepadaku suatu saat nanti, tetapi, tidak dengan membuat luka yang sama untuk kedua kalinya."
11,In The Name of Love,Cinta,"“Kiran lo mau kemana?” tanya Mona.

“gue mau ke perpus” jawabku singkat.

“ohh ya udah” ucap Mona sambil berlalu.

Kemudian kulangkahkan kakiku menuju perpus.
Oh sialnya di perpus gue ketemu sama cowok tersial yang pernah gue temuin. dan brukk.. dia nabrak gue.

“aduh.. kalo jalan liat liat dong” omelku.

“padahal lo yang salah kenapa jadi gue yang lo omelin” omel cowok itu.

“lo yang salah” bantahku.

“gak lo..” bantah cowok itu.

Kami berdebat lama sekali sampai Mona meleraikan kami berdua.
Setelah cowok yang bernama Viko itu pergi kami melangkahkan kaki menuju kelas.

“Kiran kok bisa ya lo sama Viko berantem?” tanya Mona heran.

“ihh.. Viko tadi kan nabrak gue bukannya minta maaf malah nyalahin gue” jawabku.

“pantesan” ujar Mona manggut manggut.

Tak lama Bu Tia masuk dan memulai pelajaran.


“Kiran ada yang mau gue omongin ke lo” ujar Viko suatu hari.

“omongin apa?” tanyaku ketus.

“jangan ketus gitu dong” ucap Viko.

“ya biarin suka suka gue dong” ujarku.

“yaudah kalau itu mau lo” ujar Viko.

Dia lalu menarikku menuju taman yang sepi. karena kaget aku hanya bisa diam.
“Kiran gue suka sama lo sejak awal gue pandang lo waktu lo kelas X” ujar Viko.

“terus kenapa lo selalu buat gue bad mood?” tanyaku.

“karena gue ngelakuin atas nama cinta” jawab Viko.

“IN THE NAME OF LOVE?” tanyaku.

“of course” jawab Viko.

“sekarang lo mau gak jadi pacar gue?” tanya Viko.

“of course” jawabku.
Sejak saat itu gue sama Viko pacaran dan bersama untuk selamanya."
12,Mimpi Yang Bertebaran,Cinta,"Semuanya berawal dari keikutsertaanku dalam kegiatan ekstrakulikuler 
di sekolah. Dua tahun yang lalu, aku mengenal banyak orang dari kegiatan
 tersebut, dari kakak kelasku hingga adik-adik kelasku. Aku adalah orang
 yang tidak terlalu pandai bergaul, bercengkrama dan dekat dengan 
orang-orang. Aku cukup cuek saat berada di dalam kegiatan itu, hingga 
aku tidak terlalu memperhatikan setiap kenalan baruku di kegiatan itu. 
Mereka mengenalku tapi aku sangat mudah melupakan mereka.
Pada awalnya aku telah terpikat pada seorang kakak kelasku atau 
senior dalam bahasa kami. Tidak hanya tertarik padanya kami pun sempat 
jadian dan memulai pacaran. Lagi-lagi karena cuekku dan kecerobohanku, 
kami putus hanya dalam satu bulan.
Aku merasa bersalah, lalu aku terus mencoba menghubunginya tapi dia 
tidak terlalu meresponku, karena itu sifat lemahku kembali, seperti 
biasa aku sangat sulit melupakannya. Hari berganti hari, minggu berganti
 bulan, lalu beberapa bulan kemudian aku chat sama salah seorang 
temannya. Dia dulu yang menghubungiku untuk menanyakan kabar mantanku 
itu. Aku cukup emosi, aku tidak menghiraukannya. Dia pun mengerti dan 
tidak membicarakan mantanku itu lagi.


Dia bernama denny cendana arian, dia adalah kakak kelasku, seniorku 
dalam kegiatanku di sekolah. Aku awalnya tidak terlalu mengenalnya, 
temanku yang mengenalnya bahkan sejak pertama kali dia datang ke 
kegiatan latihan rutin kami.

Beberapa hari kami semakin dekat di media sosial melalui chat di 
aplikasi BBM. Tapi itu hanya beberapa hari setelah itu kami tidak 
berhubungan lagi. Benar-benar saat itu aku tidak mempedulikannya.
Tidak terasa sudah tiga bulan dari chat kami waktu itu kami tidak 
lagi chat. Aku semakin tidak bisa move on dari mantanku. Hingga suatu 
saat kami bertemu lagi pada kegiatan itu, kami bertiga yaitu aku, 
mantanku dan juga denny. Denny mulai lagi chat denganku, dari sinilah 
cerita yang kukenang sampai sekarang terjadi.
Mungkin dia memulai chat denganku hanya keisengannya semata dan 
mengisi waktu luang. Kami saling berbalas chat, membahas segala hal dan 
saling memperhatikan, mungkin aku yang terlalu terbawa perasaan tapi aku
 benar-benar merasa nyaman dengannya. Aku mulai move on dari mantanku 
karena dia, dia mulai membuatku menyukainya. Tidak pernah ku peduli dia 
itu sebenarnya siapa, aku benar-benar tidak mengenalnya sepenuhnya.
Aku menyukainya entahlah karena apa aku juga tidak tahu. Aku tidak 
tahu masa lalunya, aku tidak mengenal dia dari sudut pandang orang lain 
karena aku hanya mengenalnya dari sudut pandangku sendiri, aku juga tak 
diberi tahunya. Aku tidak tahu dia melanjutkan kuliah dan lulus D3. Aku 
tidak mengenal keluarganya. Hingga aku tahu kalau dia adalah lelaki baik
 dari keluarga baik-baik dan dia berpendidikan hingga sekarang telah 
berkerja di rumah sakit negeri di kotaku Mentok, Bangka Barat.
Dari kedekatan kami yang berlangsung berbulan-bulan tapi tidak pernah
 ketemu karena aku yang tidak mau, aku takut merasa gugup dekat dia. 
Rasa sukaku padanya pun mulai meningkat menjadi menyayanginya dan 
benar-benar ingin memilikinya. Tapi itu seperti mimpi bagiku walaupun 
saat itu aku dan dia sama-sama sendiri. Perasaan itu semakin hari 
semakin menggila, bebagai kode telah kusampaikan padanya tapi entahlah 
dia mengerti atau pura-pura tidak mengerti atau tidak mau tahu.
Aku mulai putus asa, aku mulai menjauh tapi aku tidak bisa, dia juga 
tetap masih menghubungiku. Hubungan kami sebenarnya tidaklah istimewa 
tapi entah kenapa bagiku dia sangat istimewa.
Delapan bulan berlalu kami selalu chattingan. Hingga suatu hari aku 
melihatnya memasang foto bersama seorang wanita berjilbab, setelah 
kutanya dia pun menjawab itu pacar barunya. Betapa sakitnya ku saat itu 
apa yang bisa ku lakukan, aku pun memberikan selamat padanya. Aku mulai 
mengatur langkah untuk mundur perlahan karena aku takut terjatuh bila ku
 terburu-buru. Aku tidak akan menganggunya lagi pikirku, walaupun itu 
sangat berat. Tapi hanya sekitar tiga minggu mereka pacaran tiba-tiba 
aku mendengar darinya sendiri mereka sudah putus. Aku pun sangat senang 
dengan itu. Aku pun tidak segan untuk dekat lagi dengannya.


Semakin hari setelah putusnya dia dengan pacarnya aku mulai gelisah. 
Entah kenapa aku selalu memikirkannya seperti aku takut dia akan bersama
 yang lainnya pula atau balikan dengan mantannya itu.
Pikiranku yang benar-benar kalut saat itu, ingin rasanya aku marah, 
berteriak, berlari, apapun itu agar aku bisa lebih tenang. Ternyata sama
 sekali tidak ada gunanya. Aku terus galau memikirkan dan merasakan 
kegelisahan hatiku. Entah dari mana aku dapat motivasi mengungkapkan 
perasaan.
Suatu hari, dihari pikiranku benar-benar sangat bodoh. Aku 
mengetikkan semua isi hatiku dan aku berpikir untuk mengirimkannya pada 
dia. Aku merasa ragu tapi aku menguatkan hatiku kalau perasaanku ini 
harus kusampaikan. Aku menyampaikannya padanya, aku mengungkapannya, aku
 menyayanginya. Aku benar-benar merasa malu tapi aku mengungkapkannya. 
Aku tidak memintanya menjadi pacarku tapi mungkin dia salah arti dia 
bilang dia hanya menganggapku adiknya. Jujur aku kecewa aku mulai takut 
kalau kami akan saling menjauh. Walaupun pada ketikan itu aku memintanya
 menjauh tapi aku takut aku yang tidak bisa menjauh. Baginya pasti 
sangat mudah menjauhiku tapi bagaimana denganku?

Setelah kejadian itu aku dan denny benar-benar menjauh seolah dia malas mengetik bahkan malas untuk membaca pesanku.
Dua bulan setelah kejadian itu dia jadian dengan wanita lain, yang 
lebih pantas bersamanya, yang setara dengannya, wanita yang lulusan 
sarjana di universitas ternama di kota Bandung. Sedangkan aku hanyalah 
anak SMA yang baru mau lulus, aku membenci kejadian itu. Tapi aku 
menyayangi dia, aku bahagia melihat dia bahagia. Aku semakin menjauh 
tertutup awan, biarpun hanya awan yang menutupiku sedetik pun tak pernah
 ada niatan dia menghapus awan yang seperti asap itu. Aku sangat 
terpukul, aku terjatuh lalu harus bangkit sendirian. Entahlah, aku harus
 fokus pada kepentinganku saat itu yaitu aku melanjutkan kuliah di 
sebuah universitas negeri ternama di provinsiku.
Beberapa bulan kemudian aku mengetahui mereka putus, aku tidak tahu 
penyebab hubungan pasangan cukup dewasa itu putus tapi aku senang mereka
 putus.

Dua minggu kemudian aku menghubunginya, setelah sekian lama, aku 
menanyakan kabar kakakku itu. Dia baik-baik saja tapi sungguh kami 
benar-benar tidak bisa seperti dulu lagi. Coba saja aku bisa menghapus 
ingatan dia tentang pernyataan perasaanku padanya waktu itu aku pasti 
akan bisa dekat lagi dengannya walau hanya melalui chat, aku pasti tidak
 melarangnya pacaran, aku mungkin akan mendengar curhatannya dan itu 
pasti sangat menyenangkan. Ah sudahlah semua itu tidak mungkin.
Sekarang kami masing-masing meskipun ku selalu mencari tahu kabarnya.
 Mimpiku tentangnya masih panjang bahkan menembus waktu di masa depan. 
Begitu banyak mimpi yang kubuat dengan dia, yang mana isinya hanyalah 
aku ingin dia bahagia denganku nanti ataupun bukan denganku. Mimpi yang 
bertebaran itu biarlah selalu kutebarkan karena ku percaya suatu saat 
dia akan mengambil mimpiku itu dan menjadikannya nyata. Aku mungkin 
terlalu naif untuk mengatakan ini tapi merasakan dan mengartikan 
perasaanku padanya selama ini aku bisa mengatakan “Aku mencintainya 
setulus hatiku”."
13,Gramaphone yang Bernama “Indonesia”,Nasionalis,"Aku terbangun dari tidurku. Terbangun oleh batukan knalpot motor tua 
yang tiap pagi dipanaskan ayah. Saat aku sibak tirai dari jendela tak 
berkaca kamarku, asap knalpot membumbung tinggi akibat solar si motor. 
Hari ini, memang begini. Hari lainya pun begitu. Keseharian berulang 
yang membuatku jenuh tanpa bisa mengeluh. Aktifitas tiada bosan berulang
 bagaikan piringan hitam yang terus berputar, melantunkan lagu yang sama
 tiap hari.
Kegiatanku juga masih sama. Dengan malas, kuucek-ucek rambutku, 
mengambil ancang-ancang, kuhirup nafas, dan kemudian, kuhembuskan dengan
 keras. Cukup sudah relaksasi pagiku. Tidak ada sambutan spesial dari 
seorang pelayan ataupun roti panggang di atas meja sebelah ranjangku.
Durasi permainan lagu ini masih amat panjang. Banyak kewajiban yang 
harus kulakukan. Dengan kaos singlet oblong dan celana pendek butut, aku
 mengambil ember serta menyampirkan handuk buluk di leherku, lantas 
mendatangi sumur belakang rumah. Satu lagi kebiasaan, ada lansia yang 
selalu kutolong untuk menimba air rumah tangganya. Anehnya selalu 
kulayani dengan senang hati meski aku tahu aku tidak akan dibayar. 
Mungkin, ada rasa kasihan, juga peduli. Namun, aku hanya senang ketika 
si Mbah tersenyum kepadaku sebagai tanda terima kasih dengan senyumnya 
yang tulus. Dengan senyumnya yang sudah tidak ayu lagi seperti dulu. 
Inilah salah satu simfoni dalam piringan hitam yang merdu. Ketika senyum
 orang-orang menyapa, siapapun itu, dengan senyum yang seperti 
mengisyaratkan “Monggo mas, ada yang bisa saya bantu?”. Merdu sekali.


Ayahku telah mematikan mesin motornya ketika aku membuka pintu depan 
untuk berangkat sekolah. Seperti biasa, aku duduk di teras, mengambil 
cangkir kopi, dan menuangkan kopi tanpa gula yang disediakan ayahku. 
Aroma khas kopi lampung yang sedikit amis masuk ke dalam rongga 
hidungku, merayuku untuk segera meminumnya. Sesapan pertama kunikmati 
sambil mendengarkan berita radio hari ini, diselingi dengan suara 
gesekan sapu lidi ibu tetangga, juga suara tawar menawar tukang sayur 
gerobak didepan rumahku. Suara-suara itu bercampur dengan 
nasihat-nasihat ayahku tiap pagi sebagai percakapan bapak-anak yang 
mungkin kurang diminati oleh anak-anak jaman sekarang ini. Terlalu 
banyak suara bertabrakan. Berpadu, tapi setidaknya bukanlah hal yang 
tabu.
Onthel peninggalan kakekku ini melaju lincah disela-sela mobil-mobil,
 motor, bahkan becak sekalipun. Tas selempang kulit yang kupakai 
kubiarkan menjuntai di sebelah kiri badanku. Sebuah genangan air 
kecoklatan berhasil kuterobos. Masa bodoh dengan celana abu-abu 
sekolahku ini. Kemudian, aku berhenti di sebuah lampu merah perempatan 
yang sepi. Kusandarkan kakiku di trotoar, beristirahat sejenak, 
menunggu.
“Hoii!.. sedang apa pulak kau? Mikir cewek kah? Hahaha”. Fatah, teman
 sebangkuku menepuk pundaku dari belakang. Orang batak laten bermarga 
Siregar ini memang sudah menjadi sahabatku sedari pertama kali duduk di 
bangku SMA. Banyak pengalamaku bersamanya. Terutama hal yang mungkin 
kurang baik. Tetapi, tenang saja, Fatah orang batak yang benci dengan 
hal sia-sia seperti merokok ataupun zina. Logatnya yang khas, dan 
suaranya menjadi hal yang menarik bagiku. Namun, yang membuatku jengkel 
adalah suara terbahak-bahak keras sekali saat dia bercanda dengan orang 
lain. Terutama denganku.

“Woy.. ayolah jalan. Jika terlambat, mampus kau dihukum pak Kumis.. 
hahaha”. Dia kembali tertawa seperti biasa. Merinding mendengarkan 
ucapanya, aku mulai mengayuh sepedaku menyusul Fatah yang mulai menjauh.
 BK sekolah kami itu memang benar-benar disiplin. Tak heran beliau 
menjadi guru teladan se-Kota kami.
Kembali menyusuri jalan. Terdengar lagi suara mobil, dan motor 
beserta dengan asap-asap kendaraan yang mengepul dari knalpot mereka 
yang hendak menuju tempat kerjanya masing-masing. Kota sibuk ini memang 
menyimpan berbagai keributan yang bisa keluar meledak sewaktu-waktu. 
Namun, itulah yang paling kutunggu. Aku akan sangat menikmati kebisingan
 kota ini, mulai dari suara knalpot hingga suara musisi jalanan yang 
mencari sesuap nasi.

Sementara Fatah mengayuh sepedanya, aku menjajarinya. Gerbang sekolah 
mulai terlihat. Murid-murid bergerombolan masuk. Sedangkan aku dan Fatah
 memarkirkan sepeda di lapangan sekolah.
Lagi-lagi, semua terasa seperti biasa. Kebisingan kelas di pagi hari,
 celotehan Fatah tentang intrik politik dengan logat batak kentalnya, 
suara bel kuno yang membuat para murid mengeluh, juga khotbah guru yang 
membri bekal masa depan murid-muridnya. Peristiwa yang terulang kembali,
 seperti Déja Vu difilm-film barat. Melodi musik yang terdengar kembali 
sepanjang durasinya.
Setiap guru sudah memasuki kelas yang akan diajarnya masing-masing. 
Fatah langsung memasang wajah masam ketika teringat bahwa yang mengajar 
pagi ini adalah guru sejarah. Tanganya mengisyaratkan untuk mengajaku 
izin keluar. Mau tidak mau, aku mengikutinya. Saat pelajaran dimulai, 
Fatah berdiri dan meminta izin ke kamar mandi –yang sebenarnya jauh dari
 apa yang dipikirkan guru sejarah kami ini. Aku hanya berjalan pelan di 
belakang Fatah yang dengan santainya melangkahkan kaki di lorong kelas. 
Kami berjalan ke arah lapangan, suara guru-guru yang dengan lantang 
menyampaikan materi-materi menemani langkah kami di sepanjang koridor. 
Entah kenapa, aku merasa miris menemani temanku bolos seperti ini. 
Meskipun aku tahu Fatah mencari hal yang lebih menarik dibandingkan 
dengan sejarah Eropa, ataupun Arab kuno. Ditengah-tengah waktu pelajaran
 sedang disampaikan seperti ini. Padahal, guru sejarah kami itu orangnya
 baik, namun menjadi membosankan karena cara mengajar terdahulu yang 
beliau gunakan.
“Hei, mungkin kali ini petualangan kita akan menyenangkan, kau nak 
ikut?”. Aku hanya bisa mengangguk. Bukanya aku tidak punya pendirian 
atau prinsip. Aku juga ingin melarikan diri dari jeratan khotbah panjang
 membosankan yang disampaikan guru sejarahku itu. Dan juga, pelarianku 
bersama Fatah selalu menakjubkan. Tapi kali ini, dia sampai bicara 
seperti itu, berarti ada hal teramat penting yang akan ditunjukanya. 
Seperti bolos kami biasanya, kami mengendap-endap ke lapangan tengah 
sekolah tempat dimana sepeda kami di parkirkan. Lapangan sekolah 
sebenarnya juga adalah tempat yang rawan, lapangan ini dijaga oleh BK 
kami sendiri, Pak Kumis. Beruntung, Pak Kumis sedang tidak ada di 
sekolah karena urusan pemerintah, ini mempermudah kami untuk akses 
keluar sekolah.


Petualangan kami kali ini, aku juga tidak tahu kami akan kemana, 
Fatah yang tahu. Seragam yang masih kami pakai membuat kami sedikit 
waspada terhadap patroli. Sepeda kami hanya satu-satunya yang bergerak 
di sepanjang jalan dengan batang-batang pohon rindang disisi-sisi jalan.
 Suara gemersik dedaunan pohon yang bergerak diterpa angin menggugurkan 
beberapa daun yang sudah kekuningan menemani laju sepeda kami, suaranya 
indah. Dan aku tidak tahu kenapa Fatah menuntun kami melewati jalan yang
 bahkan belum pernah kami lalui sebelumnya.
Kami berhenti di depan sebuah jalan masuk yang diapit oleh 2 rumah di
 sampingnya. Jalan masuk ini hanya ditutupi dinding seng tipis dengan 
kayu sebagai penyangganya. Di dalamnya ada lapangan kering yang luas 
sekali. Bukan sekedar lapangan, namun ini pemukiman yang sangat amat 
luas. Jangan kira ini pemukiman mewah atau jajaran apertemen di ibukota.
 Tempat ini seperti lapangan tempat sampah dengan kardus dan seng 
berkarat yang diberdirikan vertikal sebagai dinding. Atap-atap dari 
tumbuh-tumbuhan kering menghiasi setiap dinding kardus. Tanpa jendela 
ataupun saluran air. Dari pertama kali aku memasuki kawasan ini, aku 
mengambil kesimpulan: tempat ini adalah pemukiman orang-orang miskin 
kota ini.
Kami turun dari sepeda kami, kemudian menuntunya perlahan. Aku 
ternganga dengan pemandangan ini. Aku bahkan tidak tahu bahwa ada 
pemukiman seperti ini di kota tempat tinggalku. Fatah berjalan di depan 
dengan jalan santainya yang biasa dia pakai dimanapun. Sepertinya aku 
tahu jika dia sudah sering ke tempat ini. Orang-orang yang ada disini 
menyapa Fatah seperti sudah kenal untuk waktu yang cukup lama. Mereka 
rata-rata adalah bapak-bapak telanjang dada dengan tubuh kurus dan tidak
 terurus. Pemukiman serba sederhana ini, aku merinding melihatnya. Aku 
seperti terbawa oleh berita radio pagi beberapa hari yang lalu tentang 
krisis di Somalia.
Fatah menengok kearahku, lantas tersenyum kecil. Aku bingung kenapa 
dia tersenyum seperti itu kepadaku. Ada segerombol anak-anak kecil 
berlarian kearah Fatah dengan girang. Fatah tersenyum kecil kearah 
mereka. Mengenaskan sekali penampakan mereka, kecil dengan kepala yang 
lebih besar dari badan mungil mereka. Tungkai kaki mereka yang kurus 
mereka pakai berlari. Salah seorang diantara mereka mengalihkan 
pandanganya kearahku, kemudian tersenyum seperti yang dia tunjukan ke 
Fatah sebelumnya, senyum lebar yang tidak menunjukan kesakitan atau rasa
 tertindas. Dia berlai kearahku dengan semangat. Kemudian tersenyum 
kembali saat sudah berdiri di sampingku. Dia menarik-narik tas yang ada 
di tubuhku, aku hanya melihatnya dalam. Sementara anak yang lain masih 
sibuk dengan Fatah, dia malah tersenyum padaku. Sungguh, tidak bisa 
dipercaya, masih ada suara kebahagiaan di dalam piringan hitam yang 
bergenre sedih dan menyiksa ini.
Aku bingung harus menunjukan wajah seperti apa terhadap melodi yang 
saat ini tersenyum lebar dengan tulus kepadaku. Aku hanya bisa pura-pura
 tersenyum kepadanya. Anak itu hitam dibakar cahaya matahari yang 
terus-terusan memanggang kulitnya. Rambutnya keriting tipis di 
kepalanya. Aku mencoba bersalaman dengan anak itu. Tangannya kasar dan 
kotor. Dia terlihat bahagia sekali. Kemudian dia melihat kearah seragam 
yang kukenakan, Dia seperti kagum dengan seragam yang kupakai ini. Jadi,
 aku senderkan sepedaku di tembok semen terdekat yang ada, dan aku 
berjongkok di depan anak itu agar dia bisa melihatnya dengan jelas. 
Kembali dia tersenyum dengan girang saat dia bisa menyentuh seragamku 
secara langsung.
Fatah memanggilku untuk mendekat. Dia ingin bilang sesuatu 
sepertinya. Aku mulai mengerti kenapa dia mengajaku kemari hari ini. Aku
 belum pernah melihat yang seperti ini sebelumnya. Aku mengerti apa yang
 dipikirkan Fatah. Suara yang lebih indah daripada sebuah ketenangan 
rumah dengan secangkir kopi pagi dan nasehat ayah yang mengalir cepat 
dan terulang begitu saja. Melodi yang tidak begitu tabu dibandingkan 
dengan kebisingan motor yang menekan klaksonya dengan keras. Musik yang 
lebih nyaman didengarkan dibandngkan dengan kebisingan murid-murid di 
kelas.
“hehe, maaf ya, aku bawa kau kesini.. pasti tak ada menariknya 
buatmu.” Ujarnya sambil masih bermain dengan anak-anak lainya. Anak yang
 tadi bersamaku juga mengikutiku. Kulihat Fatah memberikan anak-anak itu
 roti dari tasnya. Tak lupa anak yang sedari tadi bersamaku diberi roti 
olehnya. Huh, dasar. Temanku ini, memang tidak ada habisnya memberi 
suara tambahan disetiap putaran piringan hitam yang membosankan.

“kau tahu tak, aku tak suka mereka disini terlantar dan dibiarkan 
pemerintah. Bukannya aku menyalahkan pemerintah atas semua ini. Aku 
berpikir positif saja mereka sedang merencanakan untuk menyelesaikan 
masalah ini.”

Bukankah mereka memang tidak akan menyelesaikannya? Pikirku. Aku memang 
tidak suka dengan politik sejak kecil. Ibuku meninggal karena politik 
pengadilan. Kakekku mewariskan sepeda perangnya karena gugur dalam 
mempertahankan negaraku saat ini yang tidak jelas bagaimana 
pemerintahanya.

“Bukan.. bukanya pemerintah tidak mau menyelesaikan masalah ini.”

Lantas, jika kamu bicara begitu, apa yang sebenarnya harus disalahkan? Aku tidak berani mengucapkan kata-kataku.

“Coba kau pikir? Bangsa ini kekurangan apa?” Fatah melanjutkan 
kata-katanya sambil bermain dengan anak anak itu. Aku melihatnya. Tak 
bisa mengucapkan apapun. Aku tidak tahu apa yang kurang dari bangsa ini.
 Aku tidak pernah memikirkanya.

“Manusia harusnya terus berkembang kawan. Manusia adalah pendaki dari 
gunung yang bernama kehidupan. Orang-orang bangsa ini mungkin memang 
sudah banyak yang menggapai puncak. Namun mereka kerurangan satu hal. 
Apa kau tak nampak  kekurangan orang-orang golongan atas bangsa ini?” 
aku semakin bingung mendengarnya. Aku penasaran dengan apa yang akan dia
 sampaikan setelah ini.

“mereka kurang peduli terhadap orang-orang yang berada di bawahnya. 
Mereka tidak mau mengulurkan tangan mereka yang sudah dicuci sesampainya
 di puncak. Bahkan, mereka tidak mau repot-repot melihat ke bawah.”

Itu memang benar. Apa yang dikatakanya benar. Namun kenapa dia tidak mau menyalahkan orang yang sudah di atas?

“ahah.. mereka yang diatas tidak bisa dilihat oleh orang yang di bawah 
kecuali dia yang ada di atas menjulurkan kepalanya. Aku tidak 
menyalahkan orang yang di atas. Tapi, aku mencoba mencari tahu apa yang 
salah di dalam diriku. Dan,. kawan. Aku menemukan bahwa tidak harus 
sampai puncak baru harus menolong orang lain. Saat inipun kita bisa.

Aku pun begitu. Namun, kenapa? Aku menatap ke tanah. Ke arah sepatu 
kulit yang kupakai. Di atas tanah yang kering ini. Aku berpikir tidak 
ada yang bisa kulakukan. Namun, Fatah menunjukan caranya, tidak harus 
sampai puncak untuk menolong orang lain. Tidak harus kaya untuk ikut 
menyumbangkan harta bagi mereka yang berada di bawah.
“oh iya, aku nak minta maaf kepadamu. Karena aku, kita berdua sering 
bolos sekolah. Habisnya, aku senang kesini tiap pulang sekolah hanya 
untuk bertemu dengan anak-anak lucu ini.” kata Fatah memecah lamunanku. 
Aku tidak peduli, aku terkesan dengan Fatah kali ini. dia benar benar 
orang yang baik. “aku janji tak akan bolos sekolah lagi. Lagian kasihan 
orangtuaku bayar untuk sekolah, tapi aku malah bolos. Hehe..”

Aku tersenyum. Terima kasih Fatah, kamu yang telah membawaku bertemu 
dengan suara yang sebelumnya belum pernah kudengar sebelumnya. Yang 
lebih merdu dan meriah dibandingkan kebahagiaan di pasar malam. Ini 
suara yang lebih indah dari semua itu. Aku minta maaf padamu, bangsaku. 
Maaf karena aku tidak sanggup memperbaiki setiap suara fals di piringan 
hitam ini. aku janji padamu untuk membuatmu terus berputar, memainkan 
lagu yang indah meskipun diulang berkali-kali.
Maafkan aku Indonesiaku, aku masih kurang rasa “Indonesia” didalam 
benakku. Namun, saat ini aku bisa dengan lantang berteriak :INILAH AKU, 
INI INDONESIAKU, INI AKU YANG INDONESIA, Aku adalah Indonesia."
14,Fitri,Nasionalis,"“Sesungguhnya, bangsa kita ini sedang dijajah,” tutur kata orang yang memiliki rasa nasionalisme ini membuatku bingung.

“Apa? Bukankah bangsa kita telah merdeka?” celetukku ditengah-tengah perdebatan oleh beberapa orang.

“Zaman ini udah maju kali, jajah itu bukan berarti melalui penyerangan fisik kali.”

“Maksudnya?”

“Eh tau ga sih, Indonesia itu adalah angka tertinggi penjualan HP di 
dunia setelah Brazil. Mirisnya, sebagian besar pengguna HP itu adalah 
anak dibawah usia 14 tahun. Mau jadi apa bangsa kita ini? Korea yang 
merupakan gedung perusahaan samsung saja penjualannya lebih sedikit 
dibandingkan Indonesia. Sesungguhnya mereka memperdaya kita melewati 
otak.” Kerutan kening khas Fitri muncul lagi, itu tandanya dia gondok.
Aku mengasingkan perdebatan orang-orang pandai di kelasku. Seketika 
aku bergumam apa yang dikatakan Fitri benar. Bukannya mencemooh negara 
sendiri namun hal itu adalah sebuah fakta. Lantas, apa yang dapat aku 
lakukan untuk memperbaiki bangsa yang kacau ini?

“Kenapa ya, banyak stasiun televisi yang memuat acaranya sinetron? 
Sinetronnya juga tentang cinta. Kebanyakan yang nonton TV kan anak-anak 
kecil. Sama aja kan mereka ngotori otak-otak anak zaman sekarang? Kok 
mereka gak mikir ya?” samar-samar masih terdengar suara Fitri yang 
lantang di antara kerumunan teman-temannya.

“Yah, salah orangtuanya dong yang gak melarang anaknya nonton,” sahut Makmur yang dari tadi membantah pernyataan Fitri.

“Apakah anak-anak tidak berhak menonton? Lantas, acara apa lagi yang 
harus mereka nonton? Kartun? Apakah kartun punya nilai moral? Jika kita 
tidak menonton TV, apa lagi yang harus dilakukan?” jawab Fitri lagi, 
kesal.
Aku tidak berani berkomentar. Gadis yang memiliki 1.001 pengetahuan itu selalu membungkamku.

“Anak zaman sekarang, cintanya mah dengan budaya orang luar negerti. 
Korea lah, Jepang lah, Amerika Serikat lah. Apa sih yang dibanggain? 
Kenal enggak, sodara enggak, lahir di satu negara aja enggak. Apa lagi 
orang Korea yang kerjanya joget-joget di panggung gak jelas tapi banyak 
yang nonton. Hahaha! Film Amerika Serikat mah film actionnya negara dia 
mulu yang menang. Negara kita enggak pernah dibuat menang,” lanjut Fitri
 dengan lantang. Seketika, suasana kelas menjadi riuh. Anak-anak 
pencinta Korea serentak kompalin Fitri.

“Kalo kalian emang suka sama Korea-Korea yang ga punya budaya moral itu 
pergi aja. Pergi dari Indonesia, kalian juga gak ada banggain negara 
kita. Malah memperburuk! Lahir di Indonesia tapi cinta sama Korea.”

“Tapi gue cinta Indonesia kok,” bentak Makmur.


Suasana hening.

“Kalo gitu, ulangan B. Indo lu harus 100 3 kali!”

“Enak aja buat peraturan sendiri,”

“Hah, katanya lahir di Indonesia, cinta Indonesia tapi ulangan aja gak 
bisa dapet 100. Giliran ulangan bahasa Korea 100 tapi kalo Indonesia 60 
hahaha!” gelak tawa merendahkan menggelegar di seluruh kelas. Sebagian 
siswa memuji dan mengagumi pernyataan Fitri. Dan sisanya malah 
merendahkan. Aku hanya bungkam, tidak bisa berbuat apa-apa.

“Kalian ini emang ya. Pahlawan kita itu dulu memperjuangkan negara kita 
biar merdeka. Nah sekarang kita udah merdeka tapi kitanya malah gini. 
Astaga! Ternyata betul yang dikatain Pak Soekarno, ‘Perjuanganku lebih 
mudah karena mengusir penjajah, tapi perjuanganmu akan lebih sulit 
karena melawan bangsamu sendiri.’”
Aku terkagum dengan Fitri yang mengetahui segalanya. Yang sebegitunya
 mencintai negara Indonesia sampai hapal apapun yang pernah disampaikan 
oleh Pak Soekarno. Aku mengangguk seraya tersenyum dari jauh mendengar 
perkataan Fitri. Kelas masih riuh karena masih terngiang-ngiang 
perkataan Fitri mengenai negara Korea.
“Apa? Kalian masih bela negara mereka? Ckckck, ingat kalian tuh lahir di mana.”

“Tapi, apa salahnya kalau kami suka mereka.” Celetuk Zaenal.

“Yah, tidak ada salahnya. Tapi, kalian lebih mencintai budaya mereka 
dibanding mereka. Suka tuh ya sebatas suka jangan jadi cinta.” Aku 
tertawa terbahak-bahak. Kadang anak ini suka melenceng. Beberapa orang 
menyoraki Fitri.

“Eh, kalian tau kata-kata Pak Soekarno?”

“Apa?” sahut Cinta.

“’Apakah Kelemahan kita: Kelemahan kita ialah, kita kurang percaya diri 
kita sebagai bangsa, sehingga kita menjadi bangsa penjiplak luar negeri,
 kurang mempercayai satu sama lain, padahal kita ini asalnya adalah 
Rakyat Gotong Royong’”
Kini, hanya beberapa orang yang berbisik-bisik. Aku kembali bungkam. Gadis ini memang begitu pandai.

“Apa nasib bangsa ini nanti?” sahutku, kata-kata itu tidak sengaja 
terlontar dari bibirku. Fitri melempar senyum, mereka semua menatap ke 
arahku. Aku hanya menyengir.

“Yah, aku tidak tau. Kalian tau kata-kata Pak Soekarno?”

“Apaaaaa?” sahut seisi kelas serentak.

“’Firman Tuhan inilah gitaku, Firman Tuhan inilah harus menjadi Gitamu :
 “Innallahu la yu ghoiyiru ma bikaumin, hatta yu ghoiyiru ma 
biamfusihim” Tuhan tidak merobah nasibnya sesuatu bangsa sebelum bangsa 
itu merobah nasibnya.’”
Kali ini, seisi kelas bertepuk tangan.

“Kau hebat Fitri! Bagaimana cara kita merubah nasib bangsa kita?” teriak Windy.

“Kalian harus menjadi orang yang baik, memiliki iman, dan bertaqwa 
adalah hal yang paling penting. Jangan sampai kalian tercebur ke dalam 
perbuatan yang terlarang dan tidak baik. Apa lagi kita masih di bawah 
umur. Kita juga harus menjadi pemimpin yang baik, tidak boleh 
mementingkan kepentingan pribadi dan golongan. Kita harus mengambil alih
 kekuasaan dari tangan oknum yang jahat kepada orang-orang yang baik. 
Selain itu, untuk memperepat pembangunan dan pengentasan segala 
permasalahan bangsa kita butuh ilmu pengetahuan dan teknologi. Tapi ilmu
 pengetahuan dan teknologi yang kita butuhkan adalah hal yang bersifat 
positif. Oh iya, kalo ga kreatif mah sia sia aja tuh iptek. Kalo bisa, 
ciptain hal-hal baru yang positif supaya bisa bantu dan membangun bangsa
 Indonesia.”
“Keren!!! Keren!!!” teriakku heboh memukul meja.

“Makasih ya Fit, karna lo kita semua jadi tau banyak hal,” Ucapku tersenyum.

“Hahaha, iya sama-sama. Tapi nyadarnya tuh jangan cuma satu hari ya, 
harus setiap hari dan sampai akhir hayat. Eh, keasyikan dengerin kalian 
belum hapal lagu Indonesia Raya sampe stanza tiga kan?”

“Hahaha… Iya,” kerumunan perdebatan seketika bubar teringat bahwa 
peraturan baru mewajibkan menghapal lagu Indonesia Raya sampai stanza 
tiga.

“Jens!”

“Iya kenapa?”

“Tumben si Fitri dateng lambat,”

“Eh iya kok dia belum dateng sih? BTW kenapa? Lu kangen? Wkwkwk,”

“Wkwkwk, bukan gitu sih. Gw Cuma agak aneh aja. Kan biasanya dia ceramah tuh pagi-pagi.”

“Tapi ceramahnya bermanfaat tau. Dia tuh sayang banget ya sama negara kita ini.”

“Iya, sepatutnya kita mencontoh dia,”

“Apa? Mencontoh? Barusan aja lu ngejek dia,”

“Heheheh jus’t kidding,”

“Jus’t kidding? Biasain bahasa Indonesia. Katanya warga negara Indonesia.”

“Siap bu asisten Fitri,”
Hari ini, adalah hari yang paling sepi di antara hari yang lain. 
Tidak ada ikat rambut merah putih, tidak ada teriakan semangat, tidak 
ada kerutan kening, tidak ada kehebohan. Sepi dan sunyi. Bahkan, tidak 
ada yang tahu ke mana dan mengapa dia tidak ada di sini. Setiap siswa di
 kelas ini pasti merindukannya. Bahkan aku, teman yang tidak pernah 
dekat dengannya merindukan itu. Aku mengukir senyum mengingat kata demi 
kata perkataannya. Karenanya, kini aku hapal lagu Indonesia Raya sampai 
stanza tiga dan kini aku tahu kata-kata mutiara yang diucapkan oleh Pak 
Soekarno. Dia adalah sosok siswa teladan yang menginspirasi.


“Oi, lu udah belajar?”

“Hah, belajar buat apa?” seruku terkejut.

“Ulangan PKN tau hari ini,” jawabnya santai.

“Astaga! Gue belum belajar,” sahutku menepuk kening. Haduh, ternyata aku begitu menikmati semua perkataan Fitri.

“Tenang aja, kan ada gue,” lontarnya mengedipkan mata kirinya.

“Apa? Lu pikir gue mau seenaknya nyontek sama lu? Astaga, enggak lah ya.
 Kita tuh harus dapetin jawaban dari otak sendiri. Gak modal banget! 
Lagi pula kalo gue nyontek, guenya yang tambah bodoh. Ya kan?”

“Tumben lo bijak, hahaha,”

“Iyalah, kan gue penerus Fitri,”

“Halah!”
Detik demi detik telah berlalu. Aku mengerjakan soal ulangan dengan 
mudahnya. Karena segala hal yang dikatakan oleh Fitri adalah jawaban 
dari ulanganku. Hahaha, gak ada salahnya gue nginget semua kata Fitri, 
gumamku dalam hati.

“Gimana nyet? Bisa?” tanya Dian meremahkan.

“Ya bisa lah, namanya juga Sastri,” seruku sombong menjulurkan lidah.

“Lah? Lu nyontek gue?”

“Lah? Lu lupa yang gue bilang?” ujarku tertawa.

“BTW lu tau salah satu kata mutiara Ir. Soekarno waktu hut RI tahun 1964?”

“Yah, gue cuma tau satu. Tapi kan disuruh sebutin satu wkwk”

“Apa emang?”

“Lu gak tau? Katanya lu pinter,”

“Hhhh…” gerutunya kesal.
“Ibu kecewa dengan nilai kelas ini. Hanya Sastri yang mendapat nilai sempurna.”

“Astaga!” teriakku bahagia.

“Ih alay!”

Di tengah kebahagiaanku, wali kelasku masuk ke dalam kelas kami. Dia memberitahukan sesuatu kepada guru PKN kami.

“Turut berduka cita, teman kalian telah meninggalkan kita duluan,” sahut bu Vivi dengan nada sedih.
Apa? Aku tidak percaya, tidak mungkin! Tidak mungkin Fitri 
meninggalkan kami dahulu. Kami masih buta akan pengetahuan. Tanpanya, 
tidak mungkin nilai ulangan PKNku bisa sempurna. Tanpanya, aku akan 
terus mencintai budaya luar yang tidak memiliki nilai moral. Aku pasti 
akan selalu rindu teriakannya, aku pasti akan selalu rindu akan kerutan 
keningnya, aku pasti akan rindu nasehatnya, kepintarannya, teriakannya, 
dan segalanya.

“Kenapa bu?” beberku pelan.

“Saat menuju sekolah, ayahnya ingin mengerem menghindari lubang besar. Tapi tertabrak traktor besar.” jelas bu Vivi.

Tangisku pecah!
Ya Allah, baru saja aku mengenalnya lebih dekat. Kenapa dia 
meninggalkanku terlebih dahulu? Seruku dalam hati di makamnya menaburkan
 bunga. Aku menancapkan bendera merah putih disamping makamnya sebagai 
rasa tanda nasionalismenya.

“Semoga aku dapat mencintai Indonesia sepertimu, Fitri. Aku akan selalu merindukanmu,”"
15,Generasi Tua Itu,Nasionalis,"Sisa hujan pagi tadi masih terasa di pucuk-pucuk daun kamboja dan 
melati, mengaburkan wangi tanah dan bunga-bunga yang ditabur di atasnya.
 Telat, orang-orang desa sudah kembali menuju rutinitas masing-masing, 
meninggalkan formalitas mengubur tetangga yang tadi mereka lakukan hanya
 agar tak mendapat dosa.
Pemakaman kini sepi, tak ada satupun yang tersisa disana selain 
beberapa petugas yang membawa cangkul dan keranda, tetapi mereka hanya 
berlalu sambil melirik Ara dengan acuh. Hal seperti ini sudah dapat 
dinalarkan Ara, sebab tak ada satupun orang di desa ini yang mengenal 
Pak Darmo selain dirinya. Pelan-pelan gadis berseragam pramuka itu 
mendekati makam Pak Darmo yang masih basah dan harum, seolah megingatkan
 semua kebaikan Pak Darmo yang tak pernah ia katakan dan perlihatkan 
saat masih muda dulu, sebelum ia tua dan rapuh. Gadis itu menunduk, lalu
 menaburkan bunga dengan mata yang kian sembab.
Ara menjumput segenggam tanah makam lalu menaburkannya lagi, pikiran 
lintas waktu berlarian dalam kepalanya. Samar-samar dibayangkannya 
pakaian Pak Darmo yang berwarna putih kekuningan. Lalu, senyum pria tua 
itu saat Ara tak sengaja masuk ke kebun dan melihatnya mengelap sebuah 
senapan tua yang sering ia bawa berjalan kaki mengelilingi desa.


“Ara ya?” Suara Pak Darmo begitu serak, mungkin karena rokok kretek 
favoritnya kini mulai menggerogoti jantung dan tenggorokan, melakukan 
pengkhianatan. Ara mengangguk dan mendekat, seragam putih birunya 
sedikit kotor terkena ilalang lebat di kebun belakang Pak Darmo. Ia kini
 duduk tepat disamping Pak Darmo sambil menopang dagu, menatap wajah tua
 Pak Darmo yang masih terlihat segar.
Pria tua itu sudah bertahun-tahun tinggal di desa, namun tak ada 
satupun yang mau mendengarnya bicara. Bahkan para ibu sering 
menakut-nakuti anaknya saat ia lewat, bagi mereka Pak Darmo tak lebih 
dari orang gila yang menggunakan pakaian militer tiap Senin dan membawa 
senapan tanpa peluru. Tetapi bagi Ara, Pak Darmo ialah pejuang 
sesungguhnya yang hanya ingin bernostalgia, mengingat masa-masa jayanya 
dan merasakan detak nasionalisme dalam nadinya.
Ara paham mengapa Pak Darmo berusaha mengais keping-keping 
kebahagiaan sekaligus kebanggaan yang ia punya. Hanya satu alasan, yaitu
 tak ada lagi yang bisa diharapkan seseorang tanpa sanak keluarga selain
 dirinya sediri. “Ara mau mendengar cerita saya?” Gadis yang dipanggil 
mengangguk semangat. Ia menunggu tiap kata yang keluar dari bibir Pak 
Darmo, walaupun sesekali terjeda batuk dan helaan nafas panjang.
Rintik hujan jatuh lagi, rupanya langit kini ingin ikut bersedih. 
Baiklah, Ara mulai berdiri dan beranjak pulang. Ia tak peduli walaupun 
banyak orang melihat ke arahnya keheranan. Beberapa bertanya 
terang-terangan, “Kamu cucunya Darmo?” dan Ara menanggapinya dengan 
anggukan, lebih dari itu, ada Darmo dalam dirinya. Ah, andai saja Ara 
diberi kesempatan untuk bisa berbicara sebentar saja, ia ingin 
menjelaskan kepada semua orang bahwa Pak Darmo begitu berjasa bagi 
mereka, tanpa pria tua itu, hanya akan ada hutan lebat, tak ada tempat 
aman bagi mereka untuk tinggal dan bekerja. Tapi selayaknya manusia 
biasa, orang-orang hanya menilai apa yang mereka lihat. Dan dalam 
kehidupan, ada banyak Darmo yang teracuhkan di sudut-sudut rumah, 
seperti juga ada banyak pejuang yang perlu diperjuangkan masa senjanya 
oleh generasi penerusnya."
16,Cinta dalam Bahasa,Nasionalis,"Bahasa, banyak orang menganggap remeh, “Ah, cuma bahasa biasa.”
Tidak ada yang istimewa. Tapi, tidak menurutku.
Bahasa, terutama bahasa ibuku—bahasa Indonesia—adalah bahasa yang 
banyak membawa perubahan besar dalam hidupku. Mungkin terdengar 
hiperbolis, namun itulah adanya. Bahasa yang kini mulai terkikis, 
tergerus arus globalisasi sehingga banyak orang tak lagi bangga 
menggunakannya ini merupakan awal dari satu kepingan bersejarah dalam 
hidupku. Persetan dengan perkataan orang-orang yang menyebutku kaku, 
tidak gaul, dan lain sebagainya. Aku disini, melipat dahi dan 
berpusing-pusing kembali mempelajarinya. Rasanya perasaan bangga dan 
senang memenuhi dadaku hingga sesak karena lewat bahasa ini aku ingin 
lebih memahaminya, berkomunikasi dengannya, dan menjadi lebih dekat 
dengannya.


Iya, dia gadis keturunan jawa berkulit kuning langsat dengan rambut 
hitam lurus panjang yang setiap kata dari ucapannya mampu membuat hatiku
 bergetar. Dia, gadis yang setiap kalimat ia tuliskan di secarik kertas 
kusut itu cukup kuat untuk membuat jantungku berdebar seharian.
Dia, cinta dalam bahasaku.
Bermula dari satu tahun yang lalu, ketika aku baru pindah ke 
Indonesia setelah menyelesaikan S1 dan S2 ekonomi di London. Ayah 
menyuruhku untuk melanjutkan S3 ilmu manajemen kelas internasional di 
Indonesia tepatnya di salah satu universitas ternama di daerah ibukota 
negara.
“Kau akan mengelola perusahaan keluarga kita yang ada di Indonesia, 
jadi lanjutkan saja sekolah di sana” tutur beliau tepat setahun yang 
lalu dengan aksen british yang kental.
Waktu itu, aku semalaman mengutuk ayahku yang seenaknya saja menyuruh
 pindah ketika aku sudah nyaman dengan segala bahasa dan budaya di 
ibukota negara Inggris itu. Tapi, mau tak mau aku menuruti ucapannya dan
 mengikuti penerbangan pagi menuju negara asal ibuku itu seminggu 
kemudian.
Masih segar di ingatan ketika kala itu teman-teman sekelas 
memandangku dengan heran. Maklum saja, iris berwarna coklat terang dan 
warna kulit yang terlihat lebih pucat membuatku menjadi lebih mencolok 
dari yang lainnya. Aku tak ambil pusing, toh hanya dua tahun ini dan aku
 akan segera berkecimpung penuh di dunia kerja. Namun yang menjadi 
kendala ialah aku tak lagi fasih berbicara menggunakan bahasa ibuku ini,
 bahasa Indonesia. Dengan kalimat yang berantakan—bahasa Inggris dan 
bahasa Indonesia tercampur aduk—aku tertatih-tatih mecoba bersosialisasi
 dengan lingkunganku dan beruntung teman-temanku memahami keterbatasanku
 berbicara bahasa Indonesia. Waktu itu kukira masalah yang kuhadapi 
hanya sekedar sulit bercakap-cakap dengan lancar bersama teman sekelas, 
namun ternyata masalah lain muncul lagi ketika aku melihat cetakan 
jadwal mata kuliah.
Mata kuliah wajib: Bahasa Indonesia.


Ah, matilah aku.
Minggu selanjutnya, aku mengikuti kelas perdana mata kuliah bahasa 
Indonesia. Apa yang kudapat? Nol besar. Tidak mungkin aku sibuk menanyai
 teman-temanku saat dosen sedang menjelaskan bukan? Maka jadilah aku 
keluar ruangan dengan gontai, terlebih lagi dengan setumpuk tugas yang 
harus dikumpulkan minggu depan. Tepat saat keluar ruangan, hujan turun 
dengan deras.
“Dan, nggak pulang?” seorang teman menepuk pundakku, Dimas namanya.

“Ah, I don’t bring my umbrella” ucapku sambil menggaruk tengkuk. Dimas mengangguk mengerti.

“Yaudah gue cabut duluan. See ya” ujarnya sesaat sebelum berlarian 
menembus hujan menuju mobilnya yang terparkir tak jauh dari situ. Aku 
menghela nafas, banyak buku-buku penting di dalam tas sehingga aku tak 
mau ambil resiko hujan-hujanan dan membasahi semuanya. Sudut mataku 
menangkap gedung perpustakaan ketika asyik mengamati sekitar. Tanpa 
pikir panjang, aku pun melangkahkan kaki dengan lesu menuju gedung itu.
Sepi, tak banyak orang yang ada di dalam perpustakaan bahkan 
jumlahnya bisa dihitung dengan jari. Aku melangkahkan kaki ke rak buku 
literatur, mencari buku bahasa Indonesia—mumpung ada di perpustakaan, 
sekalian saja belajar bahasa Indonesia pikirku saat itu. Mataku sibuk 
menelusuri punggung-punggung buku yang tersusun rapi di rak, sesekali 
aku menggaruk kepalaku yang tidak gatal karena bingung. Hei, semua 
bukunya terlihat sama.
Tepat ketika aku mulai lelah melihat setiap daftar isi buku, sebuah 
tangan menjulurkan buku di depanku. Aku yang terkejut refleks melihat 
siapa yang memberiku buku. Seorang gadis dengan senyum manisnya segera 
memenuhi pandanganku. Aku mengerjapkan mata, melihat gadis dan buku itu 
secara bergantian.
“Kamu mau belajar bahasa Indonesia? Aku sarankan belajar dengan buku 
ini. Mudah dimengerti” ujarnya. Sungguh, jika ada kardiogram menempel di
 dadaku mungkin sekarang akan terlihat bagaimana jantungku berdebar 
begitu kencang saat itu. Aku tak mengerti mengapa, namun cara gadis di 
hadapanku bicara berbeda dengan orang lainnya.

Lamunanku buyar ketika gadis itu menjulurkan sekali lagi bukunya, aku 
menerimanya dengan kikuk, “Thanks,” ujarku sambil menatap ke dalam iris 
matanya yang berwarna coklat gelap itu. Ia tersenyum simpul dan berbalik
 keluar dari lorong rak itu. Entah dimana pikiranku saat itu, aku 
menahan lengannya sehingga langkahnya terhenti.
“Ah, um…,” ucapanku terhenti ketika penjaga perpustakaan menatapku 
dengan galak. Aku menggaruk tengkuk dan mengeluarkan buku catatan serta 
bolpoin dari tas, sedangkan gadis itu menatapku bingung. Aku menuliskan 
sebuah kalimat di sana, kalimat bahasa Indonesia pertama yang aku tulis 
seadanya. Kalimat berantakan yang mengawali semuanya.
‘Bisa gak u teach me bahasa?’

Gadis itu menerima sobekan catatanku, membacanya, lantas tertawa 
pelan—takut penjaga perpustakaan memelototi kami lagi. Hampir saja waktu
 itu aku mengubur diri sendiri karena malu hingga gadis itu merebut 
penaku dan menulis kalimat balasan. Aku membacanya dan mataku langsung 
berbinar senang.
‘Ya. Tentu saja.’
Dia menuntunku ke sebuah bangku membaca dan dengan sigap mengeluarkan
 sebuah buku catatan serta alat tulisnya. Aku dengan kaku turut duduk di
 sampingnya dan mengeluarkan buku cetak bahasa Indonesiaku. Gadis itu 
tersenyum sebentar lalu mulai menjelaskan dari awal dengan volume suara 
hampir seperti orang berbisik. Aku sesekali mengangguk mengerti, 
sesekali menyela dengan pertanyaan tentang yang tidak kumengerti—tentu 
saja dengan bahasa yang masih kacau. Gadis itu dengan sabar menjawab 
semua pertanyaanku, bahasa Indonesianya sangat mengagumkan. Aku sering 
mendengar orang bercakap-cakap dengan bahasa Indonesia, namun hampir 
semuanya terdengar berbeda. Mereka menyebutnya bahasa ‘gaul’ namun itu 
justru membuatku makin bingung untuk memahami percakapan mereka. Hingga 
akhirnya, karena aku sudah terbiasa mendengar bahasa-bahasa nyeleneh 
itu, aku pun tak berkutik di mata kuliah bahasa yang sesungguhnya. 
Namun, lihatlah gadis ini. Bahasanya sopan dan teratur, terlebih lagi 
suaranya yang merdu benar-benar mengingatkanku pada suasana kampung 
halaman ibu saat masih kecil dulu.
Ketika kami berhenti sebentar dan aku larut dalam masa-masa kecilku dulu, gadis itu menjulurkan sobekan kertas.
‘Siapa namamu?’
Aku tersenyum dan segera menulis jawabannya
‘Aidan Alexander Abbiyya. Panggil saja Aidan. You?’
Gadis itu membaca dengan takjub. Lalu menuliskan balasan cukup lama.
‘Wah, namamu bagus sekali. Artinya berani. Bolehkah aku memanggilmu 
dengan nama Abbi saja? Namaku Alysha Alfathunnisa, artinya wanita yang 
penuh kelembutan. Kamu asalnya dari negara mana?’
Aku membaca tulisan demi tulisan itu dengan jantung yang entah 
mengapa berdebar tak menentu. Dan dengan pertanyaan dari Alysha—aku suka
 sekali namanya—, kamipun akhirnya berakhir dengan saling membalas 
pertanyaan dan jawaban di atas kertas buku catatan itu. Aku akhirnya 
tahu kalau Alysha adalah mahasiswi S2 jurusan sastra Indonesia. Ayahnya 
adalah seorang penyair yang menjadi inspirasinya dalam terus menggali 
kekayaan bahasa negerinya. Ia dengan bangga menunjukkan puisi-puisi yang
 ia buat di sebuah binder kecil usang, antusias menjelaskan makna di 
tiap barisnya. Aku menatap ekspresi Alysha yang sumringah itu dengan 
takjub. Sejak menginjakkan kaki di Indonesia dari beberapa minggu yang 
lalu, belum pernah aku menemukan seseorang yang begitu cinta pada bahasa
 Indonesia. Kebanyakan orang sudah mencampur adukkan bahasa mereka, tak 
lagi sesuai dengan kaidah-kaidah bahasa yang kubaca di buku cetak.
Ah, dengan begini aku pun mulai mencintai bahasa. Berbanding lurus dengan perasaanku terhadap Alysha.
Hari itu, aku menyudahi sesi belajarku dengan Alysha ketika hujan 
sudah reda. Kosakata bahasaku hari itu bertambah banyak. Dengan 
menyelipkan sebuah kertas di tangannya, kami pun berpisah di depan 
gedung perpustakaan. Sebuah kertas kecil dengan tulisan ceker ayamku 
‘Aku minta tolong ajari aku lagi ya?’ yang dibalas dengan anggukan dan 
senyum malu-malu Alysha. Mulai dari hari berhujan itu, aku terus bertemu
 dengan Alysha untuk belajar bahasa Indonesia. Aku menjadi semakin 
pandai berbahasa dan semakin senang untuk mempelajarinya.
Kupelajari bahasa Indonesia sebagaimana aku ingin mempelajari arti 
dari tiap bait puisi yang ia buat untukku di mading kampus setiap 
minggunya, kubiasakan berbahasa sebagaimana aku biasa bertemu Alysha di 
bangku tua perpustakaan di antara aroma menyengat buku-buku, dan 
kucintai bahasa sebagaimana aku perlahan mulai mencintai Alysha.
Dua tahun berikutnya, ketika aku berhasil meraih gelar doktorku, aku 
sudah kembali fasih berbahasa Indonesia. Alysha datang padaku membawa 
sebuah buku puisi cetakan pertamanya dan sebuah bunga sebagai hadiah. 
Tak butuh waktu lama, aku mengeluarkan sobekan kertas dan menuliskan 
sesuatu untuknya.
‘Maukah kamu terus berpuisi bersamaku hingga rambut kita memutih?’
Tak lama bagi Alysha untuk mengerti maksudnya dan menuliskan sebuah 
balasan sambil berlinangan air mata. Aku membacanya dan langsung 
melempar kertas itu kesembarang arah untuk memeluk gadis di hadapanku.
Alysha Alfathunnisa, gadis jawa dengan rambut hitam panjangnya, cinta
 dalam bahasaku, memutuskan untuk terus berpuisi bersamaku hingga menua.
‘Ya. Tentu saja.’ Begitu balasannya."
17,Cintamu Lebih Besar Untuk Bangsamu,Nasionalis,"Suara ledakan yang amat kencang itu membuat semua orang yang 
mendengarnya bergidik ngeri. Banyak anak menangis mencari orangtuanya, 
seorang ibu berlari sambil menggendong anaknya, dan ada banyak penduduk 
lain yang berusaha keluar dari reruntuhan bangunan. Mereka merintih 
kasakitan. Air mata yang mengring pun tercetak jelas pada wajahnya. 
Tidak lebih dari satu menit, mayat-mayat berserakan memenuhi jalanan. 
Warna jalan yang semula hitam mengkilat, kini berubah mengerikan akibat 
darah warga kota yang bercampur menjadi satu bak cat merah yang 
mengental. Pemandangan kota yang semula terlihat eksotis pun sirna. 
Seorang anggota pasukan khusus berlari terpogoh-pogoh sambil menggendong
 rekannya, berusaha mencapai tempat aman untuk berlindung dari serangan 
yang sewaktu-waktu dapat terjadi.
Sampailah mereka di sebuah bangunan tua di sudut kota. Dengan tangan 
kokohnya, Yudhistira meletakkan Arjuna diatas sebuah batu besar yang 
berlumut dan berdebu dengan penuh kehati-hatian. Yudhistira adalah salah
 seorang angota dari Pasukan Garuda, yaitu pasukan khusus asal Aceh yang
 ditugaskan untuk membantu Jakata dalam perang melawan Rusia.
Kemudian mata tegas Yudhistira menatap tubuh Arjuna yang penuh luka 
dengan persaan iba. Yudhistira berbisik, “Apa yang kau rasakan Arjuna?”.
 Satu detik, dua detik, hingga sepuluh detik lamanya Arjuna tidak 
menjawab pertanyaan Yudhistira. Hal ini membuat Yudhis kalang-kabut. 
“Bicaralah padaku Arjuna!,” teriak Yudhis dengan suara parau sambil 
menahan tangis kebenciannya. Arjuna telah tiada. Bendungan yang sedari 
tadi ia coba tahan akhirya runtuh dan membanjiri seluruh wajahnya. Tak 
sedikit pula air mengalir tepat ke dada Arjuna yang robek dan menyatu 
dengan darah yang dapat menggambarkan rasa sakit tiada tara. Rahangnya 
mengeras. Ia lalu teringat semua kebersamaanya dengan Arjuna yang 
kemudian dengan tiba-tiba digantikan oleh bayangan jeritan kesakitan 
rekannya yang tertembak pasukan Rusia. Rahangnya mengeras. Masih didepan
 seonggok daging yang sudah tak bernyawa bernama Arjuna, ia berjanji 
untuk berjuang sampai pada titik darah penghabisan dan membalaskan 
dendam rekan terbaiknya itu.


Hari beranjak gelap. Setelah dirasa cukup aman dan tidak terdengar 
ledakan susulan, Yudhis dengan tampang pucat dan rambut lurusnya yang 
berantakan pun lekas membawa Arjuna pergi ke markas pasukan.
Sesampainya di markas, mereka langsung disambut oleh para dokter yang
 dengan cekatan memindahkan Arjuna ke dalam ruang mayat. Keadaan di 
markas pun ternyata tidak sebaik yang ia bayangkan. Kursi dan meja yang 
berantakan, pecahan gelas dan pigura yang berserakan di lantai, kertas 
yang terbang kesana kemari, dan beberapa anggota pasukan yang hanya bisa
 duduk tak berdaya di sudut markas menunggu giliran untuk diobati, 
membuat rasa sesak di dadanya semakin bertambah. Kemudian ia melenggang 
pergi begitu saja menuju kamar mayat untuk menemani rekannya, yang ia 
rasa dapat mengobati sedikit luka dan sesak yang memenuhi rongga 
dadanya.
Saat Yudhis tengah melamun memandangi tubuh Arjuna, tiba-tiba pintu 
terbuka. Ia terkejut bukan main. Tangan yang sedari tadi ia gunakan 
untuk menyangga rahang kokoh berbalut lebatnya rambut yang dengan 
sekejap bisa membuat para wanita berteriak histeris itu meleset dan 
membuatnya terpentok besi tempat meletakkan mayat. “Sakit sekali,” 
keluhnya. Baru saja ia akan berteriak marah sebelum ia tahu bahwa 
seseorang yang tadi membuka pintu adalah sosok perempuan bertubuh mungil
 dengan kulit putih bersih dan sepasang bola mata almond yang seakan 
menyihir siapapun yang menatapnya. Yudhis menerka bahwa dia pasti 
seorang dokter. Terlihat dari jas putih bersih yang dijahit pas 
membentuk lekuk tubunya dan sepasang sepatu berbentuk lonjong yang 
serasi dengan jas putihnya.
Perempuan itu tersenyum menampakkan lesung pipit yang membuat 
wajahnya seakan bersinar. Kemudian si perempuan berjalan kearah Yudhis 
yang sekarang hanya bisa menatap kagum perempuan itu. “Hei, apa kau akan
 diam saja disini dan membiarkan lukamu mengering hingga tak lagi bisa 
diobati?,” sergah si perempuan. Yudhis yang sedari tadi melongo, hanya 
bisa menjawab pertanyaan si perempuan sekenanya. “Aku tidak terluka,” 
balas Yudhis. Kemudian perempuan itu mendekat dan menekan tangan 
Yudhistira yang ternyata terluka hingga pakaiannya penuh bercak darah. 
“Apa ini yang kau maksud tidak terluka?,” elak si perempuan. Ternyata 
rasa kehilangan Yudhis akan rekan terbaiknya terlalu dalam hingga abai 
dengan dirinya sendiri dan tidak merasakan sakit yang ada di tubuhnya. 
“Ayo biar kuobati,” kata si perempuan. Seakan tersihir, Yudhis benajak 
dari tempat duduknya dan mengikuti kemana perginya si perempuan.
Mereka pun sampai di klinik yang sengaja dibangun untuk keperluan 
perang. Letaknya pun dekat dengan markas pasukan khusus. Seakan ada yang
 menendang kepalanya, Yudhis baru tersadar setelah lukanya selesai 
diobati. Langsung saja ia berujar pada si perempuan, “Terimakasih sudah 
mengobatiku. Aku bahkan tidak sadar jika lenganku terluka.”. Perempuan 
itu hanya tersenyum miring. “Aku tau kau tidak akan sadar dengan lukamu 
itu. Mungkin sesak dalam dadamu melebihi rasa sakit yang ada di 
lenganmu. Jujur saja, aku kagum padamu dan teman-temanmu dalam membela 
negeri tercinta kita ini.” Katanya. Senyum terkembang begitu saja di 
wajah Yudhis. Dia merasa, sepertinya ia jatuh cinta dengan perempuan 
yang belum dikenalnya ini. Tanpa aba-aba Yudhis berkata, “Menurutku, kau
 bahkan lebih baik dariku dalam membela negeri ini. Tanpa bersatunya 
seluruh elemen, kita tidak akan bisa menyatukan kembali negeri nan indah
 ini”. Sambil menjulurkan tangan Yudhis melanjutkan, “Namaku Yudhistira 
Pradana. Kau?”. Dengan raut muka terkejut dan sedikit menyembunyikan 
senyum perempuan itu menjawab, “Aku Sabrina Fay”.
Pertempuran pun akhirnya usai. Dengan kekuatan yang disatukan serta 
semangat pantang menyerah para pejuang, akhirnya Ibukota Jakarta 
berhasil direbut kembali. Semua orang berpelukan. Tidak sedikit pula 
tetesan air mata kebahagiaan keluar dari pelupuk mata. Sorak-sorai yang 
tak kunjung usai. Kembang api warna-warni yang menjadikan malam 
selebrasi itu semakin meriah layaknya pergantian tahun yang selalu 
dinanti. Namun, walaupun pertempuran telah usai, sepertinya masih akan 
ada hal menyedihkan lainnya.
Hari ini, pasukan khusus harus kembali ke daerahnya masing-masing. 
Begitupun dengan Yudhis. Awalnya ia menolak untuk kembali karena memang 
ia merasa telah menemukan rumah barunya disini, Sabrina. Namun, karena 
iming-iming kenaikan jabatan yang terlalu menggiurkan itu, ia menjadi 
setuju untuk kembali ke Aceh. Setelah berunding dengan Sabi, – nama 
spesial yang diberikan Yudhis untuk Sabrina – akhirnya Sabi pun setuju. 
Tapi, ternyata Yudhis tidak menjelaskan alasan sebenarnya yang 
menyebabkan ia berubah pikiran.


Sesampainya di Aceh, Yudhis terkejut bukan main. Ternyata, 
iming-iming kenaikan jabatan itu paslu. Yudhis merasa sangat kecewa. 
Perjuangannya dan rekannya selama ini, hingga kematian Arjuna yang masih
 meninggalkan luka dalam dadanya tak diberi apresiasi yang tinggi.
Akan tetapi, beberapa hari setelahnya ia didatangi oleh beberapa 
rekan dan ditawari kerjasama agar bisa naik jabatan tanpa proses 
seleksi. Saking senangnya ia langsung menerima tawaran itu tanpa 
teringat bahwa jalan yang akan dia lalui itu menyimpang. Mungkin memang 
rasa luka dan kecewanya terlalu besar sehingga akal sehatnya terabaikan.
Akhirnya, Yudhistira berhasil naik jabatan dan bergaji tinggi. 
Alphard sudah mampu dibelinya. Saat itu Yudhis kembali teringat akan 
cinta pertamanya, Sabi. Ia pun langsung pergi ke Jakarta untuk menjumpai
 Sabi yang sangat ia rindukan. Yudhis juga berniat akan melamar Sabi dan
 memboyongnya ke Aceh.
Minggu pagi, 25 Maret 2017 ia sampai di depan rumah Sabi yang dulu 
sempat sekali dikunjunginya ketika mengantarkan perempuan cantik itu 
pulang. Di sana Yudhis sudah berdiri di depan pintu dengan mengenakan 
stelan jas berwarna abu-abu yang tidak dikancingkan. Di dalamnya ia 
memakai kemeja tipis yang membuat otot tubuhnya tercetak dengan jelas. 
Di tangan kirinya sudah tergenggam seikat bunga mawar putih yang 
diingatnya sebagai bunga kesukaan Sabi yang juga melambangkan tanda 
cinta. Dengan tangan gemetar dan jantung yang berdegup kencang, Yudhis 
mengetuk pintu rumah Sabi. Tak lama, pintu itu terbuka. Senyum gugup 
Yudhis menyapa Sabrina yang membuka pintu. Sabrina tidak terkejut 
dibuatnya. Pasalnya, ia sudah mengetahui rencana kedatangan Yudhis hari 
ini.
Setelah Sabi mempersilahkan masuk, mereka duduk berhadapan di ruang 
tamu. Tidak ada sepatah kata pun keluar dari mulut mereka. Udara sore 
yang dingin, ditambah AC yang sepertinya distel rendah ini menambah 
kecanggungan diantara mereka berdua, hinngga Bu Kinan keluar dari 
kamarnya menuju ruang tamu dan mencairkan suasana. “Apa kabar Dek 
Yudhis?,” sapa Bu Kinan. Kemudian dengan senyum ramahnya Yudhis 
menjawab, “Saya baik bu, saya harap ibu, Sabrina, dan ayah juga dalam 
keadaan sehat”. Bu Kinan membalas senyum seraya, “Syukurlah. Ada perlu 
apa Nak Yudhis kemari sore-sore begini?”. Dengan penuh keyakinan, 
akhirnya Yudhis menjawab, “Saya kesini ingin melamar putri ibu. 
Perempuan yang selama ini ada di dalam hati dan do’a saya”.
Seakan tersengat aliran listrik yang sangat tinggi, Sabrina merasa 
jantungnya berhenti berdetak dalam beberapa saat. Raut mukanya pun 
menjadi pucat pasi, namun berhasil ia kendalikan. Ia tak menyangka 
Yudhis masih seserius ini dengannya. Lidahnya kelu. Hanya keheningan 
yang tercipta dalam beberapa saat. Semakin lama, senyum yang terukir di 
wajah Yudhis pun memudar. Memahami keterkejutan putrinya, Bu Kinan 
menjawab pernyataan Yudhis, “Kalau ibu setuju saja. Tapi semua jawaban 
ada ditangan Sabrina. Jika Sabrina bahagia, Ibu pasti bisa menerima. 
Sebaiknya sekarang Ibu masuk dulu, kalian berbicaralah. Ibu serahkan ke 
Sabrina”.
Yudhis masih berpikir positif hingga Sabi menjawab, “Maaf, sekarang 
aku tidak bisa menerimamu”. Yudhis sangat terkejut. Ia menanggapi, “Ada 
apa? Kenapa Bisa? Apa kau sudah punya seseorang selain aku?”. Sabrina 
merasa geram. Yudhis tidak tau apa yang sudah diketahuinya. Sabrina 
menjawab, “Aku kecewa denganmu. Kupikir kau orang yang amat bijaksana 
dan setia seperti “Yudhistira”, namamu. Tapi ternyata anganku terlalu 
tinggi”. “Aku tahu apa saja yang kau lakukan selama di Aceh sana. Aku 
sangat tidak menyangka. Lalu apa bedanya kau dengan para koruptor yang 
makan gaji seperti tikus kelaparan itu?,” timpal Sabi dengan berapi-api.
Yudhis tidak bisa berkata apa-apa. Detik itu, ia tersadar akan 
kebodohannya selama ini. Dia bingung harus berbuat apa. Harga diri dan 
keberaniannya pun lenyap saat itu juga. Ia merasa tak pantas lagi untuk 
memiliki Sabrina atas pengkhianatan yang ia lakukan terhadap bangsanya 
sendiri.
Sebenarnya tanpa sepengetahuan Yudhis, Sabrina selalu mendapatkan 
informasi tentang keseharian Yudhis dari salah satu sahabat Yudhis yang 
tidak sengaja ia temui di Rumah Sakit Bhayangkara tempatnya bekerja 
pasca perang selesai. Ketika mendapat informasi bahwa Yudhis melakukan 
suap, hatinya mencelos. Sakit hatinya muncul. Kepercayaannya runtuh. 
Setelah kejadian itu pun, Sabi tak lagi mencari informasi tentang 
Yudhis. Tak ingin lagi ia menyiksa batinya.
Yudhis masih diam. Kemudian Sabrina melanjutkan, “Untuk apa gaji 
banyakmu itu? Aku tidak akan sudi menikah denganmu dan hidup dengan 
gaji-gaji kotormu itu. Dengan begini, itu artinya kau hanya hidup untuk 
dirimu saja, bukan untuk bangsamu”. Yudhis semakin merasa malu. “Apakau 
tak merasa malu? Kau pakai tanahnya, kau minum airnya, dan kau nikmati 
indahnya senja, tapi apa balasanmu bagi Ibu Pertiwi? Maafkan aku 
membentakmu, tapi aku hanya ingin menyadarkanmu. Jika kau saat ini 
sadar, berubahlah. Sekarang waktunya kamu untuk mengabdi pada negerimu. 
Hidupmu tak akan berarti tanpa mengabdi”.
Mendengar perkataan Sabrina, Yudhis membulatkan tekadnya. “Terimaksih
 Sabrina. Maafkan aku, aku memang salah. Aku terlena dengan segala 
kemegahan jabatanku dan gaji-gaji yangku terima. Terimakasih pula kau 
telah menyadarkanku bahwa hidup bukan hanya untuk menyejahterakan diriku
 sendiri, tapi agar bermanfaat untuk orang lain. Bukankan yang kukatakan
 kepadamu saat aku mengobatimu itu benar Sab? Bahwa kamu lebih mencintai
 negeri ini dan lebih banyak berjuang untuk bumi pertiwi. Aku ingin 
mengatakan kekagumanku lagi untukmu. Aku sadar, cintamu lebih besar 
untuk bangsamu daripada untukku yang sudah bisa dibilang sebagai 
koruptor ulung ini. Aku tidak pantas lagi untukmu. Aku yakin kau akan 
menemukan cinta sejatimu yang pastinya lebih baik dari aku. Selamat 
tinggal Sabrina,” pungkas Yudhistira kemudian. Setelah mengucapkan 
kalimat itu, Yudhistira akhirnya pamit dan langsung pulang menuju tempat
 asalnya."